-0.182019,0.056276,-0.065838,0.088638,-0.199806,-0.011415,0.111764,0.151739,0.073780,0.026448,-0.125058,0.164997,0.283148,0.130357,0.123584,0.004881,0.074925,-0.272663,0.087602,-0.113297,-0.081320,-0.157521,0.038655,0.196953,0.041620,0.003260,0.244435,-0.113548,-0.095872,0.000542,-0.213345,0.001406,0.050503,-0.134971,0.007218,-0.095404,0.098717,0.107720,-0.159168,0.087821,0.095188,-0.009345,-0.015170,-0.077137,-0.207383,-0.070590,0.074076,0.039080,-0.062673,-0.024483,-0.037944,0.068520,-0.310875,-0.227070,0.085461,-0.031960,0.026452,0.186608,-0.009756,0.087932,-0.004330,0.067286,0.156198,-0.117884,0.013263,-0.057188,-0.155427,-0.105183,0.017612,-0.243904,0.108671,0.168320,-0.070543,0.001218,0.063601,-0.031983,0.071098,-0.038244,-0.120143,-0.085792,-0.028081,-0.023468,0.142041,-0.003185,0.035097,0.242552,0.006506,-0.121882,-0.108352,0.159012,0.168165,0.026640,0.016805,-0.188181,0.117076,0.086174,-0.176480,0.165373,-0.138195,-0.085879,-0.171724,0.083740,0.058373,0.030993,0.008680,0.155533,0.014711,0.149691,0.008838,-0.034591,0.324078,-0.029885,0.196294,-0.013877,0.013391,-0.156363,-0.046703,-0.156617,0.191412,-0.020413,0.095023,-0.021018,0.181939,-0.102563,-0.000550,0.148899,-0.143994,-0.139710,-0.145005,0.041324,-0.015050,-0.166176,-0.004606,0.003552,0.018917,-0.057152,0.108830,0.169084,0.122856,0.010911,-0.141233,-0.026836,0.080733,0.029986,-0.114111,0.062791,0.014320,-0.005721,0.081004,-0.031058,-0.010250,0.004046,-0.018211,-0.166980,-0.109785,-0.014577,0.169762,-0.008537,-0.130390,0.371758,-0.020249,0.262425,0.095208,0.085060,-0.011204,0.271118,-0.008879,-0.216091,-0.161696,-0.028672,-0.049726,0.082473,0.146293,0.054622,0.136282,0.043418,-0.163573,-0.016087,-0.004566,0.117572,-0.014673,-0.025306,0.126786,0.105453,-0.079681,-0.043087,-0.084275,0.014859,-0.149894,0.078186,-0.151642,0.148251
-0.001608,0.006775,0.089087,-0.029762,-0.043874,-0.186701,0.112755,0.049542,0.063093,-0.070664,0.123516,0.158654,-0.083459,0.123262,-0.015241,-0.041117,0.066953,0.085277,-0.077329,-0.024224,-0.105827,0.100748,0.056555,0.037117,-0.111730,-0.051016,0.170427,-0.163453,-0.196979,0.026216,-0.074195,-0.043595,0.093794,-0.059077,0.033200,-0.148834,-0.157780,0.037212,-0.032444,-0.044162,-0.062587,0.072531,-0.051098,-0.019725,0.065574,-0.009699,0.096108,-0.222933,0.115360,-0.020554,-0.093259,0.087046,0.064971,-0.027685,0.017349,0.080215,-0.038369,0.063386,0.045679,0.085605,0.054770,0.192608,-0.188947,-0.035496,-0.292679,0.074634,-0.100926,0.005117,-0.073235,-0.004919,0.185743,-0.045541,-0.193143,0.026128,0.024872,-0.198780,-0.040992,-0.290652,0.036645,-0.139532,0.009042,-0.067010,-0.163191,-0.106821,-0.120853,-0.160026,0.007439,-0.126710,-0.073555,-0.056701,0.008094,0.062542,-0.105841,-0.025343,-0.095953,-0.022294,-0.115992,0.015109,0.011700,-0.003016,-0.026453,0.023830,0.057966,0.096652,0.099518,-0.043794,0.040865,0.406328,0.230353,0.096870,-0.095048,0.037262,-0.098615,0.067898,0.111071,0.159020,-0.153369,0.196459,0.047531,-0.134889,0.001847,0.023288,-0.000978,0.020525,-0.082102,-0.022777,0.055601,-0.048973,-0.021771,-0.116565,-0.107302,-0.136236,-0.062203,-0.075842,-0.081649,-0.076336,-0.021832,-0.048108,-0.011770,0.243814,0.201929,0.046722,0.052996,-0.189196,-0.034077,-0.063821,-0.089440,0.127389,0.108322,0.042816,-0.016609,0.192719,0.001216,0.005870,0.000515,0.033140,0.035220,-0.093776,-0.057644,0.046708,0.123115,-0.018922,0.142050,-0.057710,0.077907,-0.066158,0.046979,0.043322,-0.169882,-0.041806,0.011221,-0.008756,-0.001520,0.105935,0.015048,0.013820,-0.031081,-0.056951,-0.116202,0.058322,-0.090480,-0.006847,0.179307,0.237159,-0.005557,0.005628,0.079589,0.018966,-0.075241,-0.113294,-0.010241,-0.037738
0.060362,0.098089,-0.187221,-0.062247,-0.054324,0.052812,0.098032,-0.008792,-0.201911,0.220967,-0.092476,-0.012923,0.134924,0.010929,-0.110793,-0.167629,0.114743,0.062880,0.120649,0.128352,0.009799,-0.070787,0.157639,-0.027249,0.292969,-0.119726,0.047029,-0.192212,0.233668,0.019542,-0.080617,0.157876,0.007679,0.000236,0.100462,0.154620,-0.127978,0.010848,-0.084989,0.049671,-0.308014,-0.092322,0.173520,-0.012664,0.226836,-0.103069,-0.025209,0.089880,0.128417,0.079828,-0.077493,-0.115012,-0.139078,-0.175685,-0.008957,-0.025778,0.009452,0.068005,0.127423,-0.009609,-0.128134,-0.112588,-0.081222,-0.047390,0.098653,0.132371,0.190647,0.320608,0.016963,0.006979,0.133050,0.083014,-0.057826,-0.042304,-0.126859,-0.081174,0.096508,0.110168,-0.046451,0.172516,-0.015486,0.069963,0.130450,0.021774,-0.075074,0.112623,0.020220,0.184171,-0.164236,-0.057525,0.136584,0.025208,0.161375,0.063991,0.043974,0.141547,0.140453,-0.132868,-0.077417,-0.035864,-0.085666,-0.093492,-0.051451,-0.090649,-0.158922,0.188797,-0.009458,0.062328,-0.060014,-0.010985,-0.159106,-0.058448,0.197071,0.042190,0.152211,0.242924,0.071374,-0.104104,-0.126209,0.223345,0.216552,-0.116120,0.047082,-0.045809,0.226442,0.210724,-0.003178,-0.100114,0.125778,0.114414,0.231647,0.092486,-0.065855,0.046565,-0.065982,0.204053,-0.126153,-0.073867,0.089766,-0.113321,0.230859,0.008149,-0.097261,0.099094,-0.146976,-0.118514,-0.032976,-0.005333,-0.074024,-0.012804,-0.031239,0.039537,-0.045018,-0.028987,-0.082397,0.094849,-0.039085,-0.046424,0.118789,-0.076994,-0.025861,0.006214,-0.040903,0.191083,0.065948,-0.045089,0.017015,-0.072793,0.044362,0.101526,-0.018602,-0.033207,0.055373,0.017620,0.070275,-0.138348,0.043829,-0.132256,0.063045,-0.030744,-0.038761,-0.016923,-0.020044,0.045534,-0.008033,-0.068445,0.052490,0.078559,-0.062694,0.026384,0.028076,0.010858
0.060030,0.083274,0.045493,0.257832,-0.059656,0.028360,0.038925,0.095707,-0.028419,-0.079103,-0.115664,0.026304,0.087368,0.010955,0.089209,-0.006376,0.147052,0.007399,0.161526,-0.033450,0.010792,-0.064679,-0.005418,-0.032773,-0.012585,-0.123637,-0.133003,0.124908,-0.011018,-0.151433,0.013976,0.050524,-0.197701,0.077929,0.029177,0.015180,0.107126,-0.104705,-0.114082,-0.078680,0.001347,0.139904,-0.064721,-0.084184,0.188317,0.055320,0.056186,-0.033039,-0.070970,0.085317,-0.284909,0.024511,-0.227277,-0.060203,0.110550,0.329432,-0.105415,0.074922,-0.146747,0.110139,0.057002,0.119704,-0.102440,0.015926,-0.004543,-0.149337,0.020518,0.212309,0.002221,-0.207606,0.006354,0.072534,-0.095440,-0.094896,-0.106357,0.038588,0.158980,-0.062942,0.050930,0.007838,-0.084790,0.061362,0.043653,-0.049579,0.181864,0.063694,0.067460,-0.079931,-0.079647,0.063722,0.024812,0.006660,0.065640,0.096019,0.079295,0.106348,0.012661,-0.032655,-0.015955,0.096872,-0.037380,0.048809,-0.076837,0.125368,-0.127187,0.262319,0.024441,-0.155058,-0.046987,0.168526,0.080564,-0.051732,0.223948,-0.109646,0.105826,0.226874,-0.082985,-0.042126,0.079724,0.048460,-0.222730,-0.054886,-0.028022,0.236176,0.071307,-0.040124,0.003609,-0.123198,-0.023552,0.064684,-0.109462,-0.068870,0.025834,0.084062,0.018310,-0.159408,-0.009679,0.199155,0.091211,-0.102436,0.139820,0.021228,0.009161,-0.150597,0.127478,0.152049,-0.013054,-0.482204,-0.050112,-0.115721,-0.018658,-0.082427,0.441438,-0.015494,0.014089,0.025584,0.351193,-0.171315,-0.182919,-0.008933,-0.034252,0.022714,0.033288,0.182316,0.000823,0.054058,-0.025989,-0.194048,-0.027271,-0.081613,-0.086792,0.048133,0.174897,0.106904,0.087767,0.040694,0.045558,-0.217042,-0.153649,0.065195,0.014916,-0.129999,0.030995,0.009013,0.073182,0.038376,-0.044719,0.006352,0.033716,0.016275,-0.097307,0.005458
0.087297,-0.080276,0.066315,0.105357,0.113948,-0.080526,0.077854,0.111987,-0.159620,0.047467,0.079482,-0.203877,0.044854,0.267478,0.271809,-0.048692,-0.017973,-0.259949,-0.073942,-0.291083,-0.051995,-0.096432,-0.035075,-0.120267,-0.058899,-0.237003,-0.256493,-0.047184,0.156773,0.150205,0.092976,0.152868,-0.060094,-0.138714,-0.142389,0.062567,0.060021,0.095875,-0.154624,0.148402,0.034912,-0.006980,0.120747,-0.056206,0.062439,-0.232169,-0.068564,0.082176,0.148478,-0.029251,-0.144052,-0.052743,0.046343,-0.077902,0.007993,0.124641,0.098512,-0.048787,0.289611,-0.095703,0.052931,0.080822,0.054804,-0.104786,0.146506,-0.283090,0.057868,-0.246561,0.169069,-0.117705,-0.003124,-0.042095,-0.204202,-0.194290,-0.100732,0.066916,0.079056,0.034710,0.178968,-0.180737,-0.198305,-0.109803,-0.108669,0.071077,-0.174682,0.028565,-0.098637,0.118119,-0.135771,-0.112285,-0.065320,-0.100255,0.075578,-0.240040,0.198470,-0.123617,-0.008071,-0.105506,-0.103148,0.141691,-0.003700,0.028452,0.015203,0.074614,-0.047566,-0.087524,0.214879,-0.192868,-0.106802,-0.010632,0.238139,0.011343,0.030282,-0.040942,0.052132,-0.215853,0.168627,-0.060443,0.002641,0.016357,-0.141346,-0.100057,-0.018462,0.004343,0.178139,0.221202,0.113925,-0.048747,0.197428,-0.202007,-0.070740,0.037871,-0.160526,0.108595,-0.076726,-0.024629,-0.095562,-0.229297,0.119278,-0.274580,0.120077,-0.231961,-0.008402,0.151389,-0.003334,0.132195,0.060902,0.103884,-0.095178,0.205849,0.034410,0.045114,-0.000125,-0.075779,-0.043467,0.184856,0.095496,0.118637,-0.123971,-0.034018,0.035662,0.023623,-0.042130,-0.193395,-0.245922,0.078710,-0.000280,0.016673,-0.103314,0.083880,-0.031631,0.073164,-0.126008,-0.018681,0.002990,-0.194448,0.104411,0.113066,0.051317,0.117229,0.250895,-0.126531,0.101471,0.101375,0.032462,-0.020570,-0.142345,0.130523,-0.026234,-0.032956,0.086737,-0.040696
-0.088412,0.050660,-0.185426,-0.152612,-0.004600,0.252076,0.016102,0.025197,-0.125332,0.049972,0.023521,0.083605,0.021263,-0.000062,-0.130137,-0.039450,0.124452,0.024870,0.135842,-0.140229,0.220431,0.085349,0.112338,0.011488,0.129475,-0.066710,-0.100653,0.017030,-0.048940,-0.097259,-0.056358,0.148302,0.152208,0.013213,0.028580,0.000818,-0.047944,0.025912,-0.101677,-0.002165,-0.043223,0.083939,-0.005305,0.009201,-0.130708,-0.415733,0.034048,0.171391,-0.058578,0.124447,0.089058,0.073148,0.039393,0.073373,0.113252,0.152767,-0.182680,-0.009901,0.009108,0.051765,0.238498,-0.084357,-0.033694,-0.152113,0.231938,-0.020118,0.092446,-0.129397,0.146482,-0.003646,0.024182,-0.051633,-0.104194,0.082733,-0.100624,-0.085939,0.197417,-0.051901,0.071296,-0.038635,0.100881,0.205735,0.046196,0.104144,-0.195361,0.050570,-0.083700,0.152209,-0.037637,-0.058749,-0.002548,-0.152348,-0.061635,-0.360681,-0.064990,0.018750,-0.047251,0.119550,-0.061313,0.013466,-0.037404,0.105373,0.005852,0.022740,-0.129459,0.085446,-0.152478,0.043735,-0.045443,0.032140,-0.093666,-0.032565,0.131606,0.038843,0.097758,-0.286340,0.182879,0.082551,0.101640,0.104834,-0.033065,-0.174875,0.057189,-0.199931,0.233104,0.120580,-0.166897,0.058362,0.219718,0.153221,-0.080678,0.110292,0.091079,0.079717,-0.098726,-0.338746,0.006575,-0.188077,0.055172,-0.095479,-0.142421,-0.301552,-0.117089,0.116369,0.114291,-0.162324,0.011169,0.110543,-0.108715,-0.159237,0.061391,-0.035033,-0.030669,-0.041864,-0.042189,-0.069840,-0.079906,0.155059,-0.202079,0.069186,-0.037320,0.013162,-0.012264,0.167119,0.051443,0.117449,-0.146778,0.005595,0.044774,0.127656,-0.139112,0.082773,0.172341,0.130728,0.105636,-0.155729,-0.016362,0.036586,-0.145818,0.049309,0.112511,0.072267,-0.072633,-0.193201,0.048100,-0.071403,-0.081998,0.053338,0.220146,0.068396,-0.008989,0.224674
-0.045834,0.253477,-0.024335,0.070621,0.193831,0.138414,0.200753,-0.098118,-0.234885,0.082997,-0.106041,-0.146278,0.017241,-0.018039,-0.166964,-0.058037,0.233078,-0.232884,-0.088102,-0.050799,0.172593,-0.072831,0.073634,-0.089195,-0.170547,-0.081379,-0.184894,-0.047725,0.069971,0.290157,-0.093704,0.077289,0.037882,-0.000147,0.060475,-0.100837,0.068570,-0.129657,-0.065413,0.273792,-0.075985,-0.003283,0.051173,-0.230140,0.056871,-0.211449,0.023046,-0.052262,-0.058857,0.222704,-0.059399,0.126248,0.129179,0.053329,0.042087,0.010171,-0.170046,0.022401,0.247996,-0.080548,0.227199,-0.010859,-0.068769,-0.029547,0.368435,0.052969,-0.009522,0.075597,0.086371,-0.021494,0.078528,0.150359,-0.097301,0.072328,-0.308437,-0.282406,0.146140,0.197821,-0.020827,0.075889,0.134932,0.017405,0.075199,-0.142157,0.025933,0.076739,-0.039586,0.091412,-0.079247,-0.021555,-0.036997,-0.383212,0.003621,-0.196206,0.001360,0.058663,0.077617,0.197369,-0.053210,0.096470,0.247656,0.090276,0.084329,-0.003184,-0.164000,-0.006693,0.226001,0.013837,0.089202,0.013502,-0.065589,0.193610,0.100504,-0.132185,0.169029,0.035215,-0.076821,-0.162815,0.022260,0.128349,-0.124766,-0.000562,-0.054669,-0.303350,0.124669,0.314183,-0.064141,-0.231249,-0.084027,-0.044338,-0.188757,0.113946,0.171782,-0.020649,-0.097340,0.087566,-0.005658,-0.070274,-0.001960,-0.111486,-0.103497,-0.274941,0.060678,-0.107628,0.118371,-0.120393,-0.103353,-0.026628,-0.043393,0.082295,-0.033633,0.272515,-0.083266,-0.052369,0.054672,-0.070981,0.015288,0.041575,-0.113546,-0.181747,0.019089,0.162915,0.012610,0.120286,-0.142729,0.050144,0.012801,0.039571,0.032322,-0.178359,-0.049607,0.195498,0.260291,0.144415,0.218997,-0.059333,0.245637,0.073441,-0.020144,0.011692,0.022744,-0.091936,0.155087,-0.130351,-0.109173,-0.126104,-0.113158,0.064173,-0.246692,0.012772,-0.062179,0.023763
-0.028417,0.126124,-0.044357,0.041280,-0.052673,0.015523,-0.074777,-0.045936,-0.000151,-0.179830,0.024297,-0.135407,-0.114837,0.036314,-0.141791,-0.028470,-0.023148,0.281276,-0.284925,-0.047858,0.068355,0.236952,0.065734,0.243107,0.027172,0.118508,-0.006257,0.125498,0.083229,0.162094,0.044012,0.048452,-0.080379,0.042942,-0.001284,-0.222890,-0.211140,-0.033612,-0.206692,0.119001,-0.091300,-0.195802,-0.014804,-0.047022,0.118841,-0.149211,-0.068010,0.022618,-0.093483,-0.041995,-0.058829,0.007762,-0.090074,-0.159966,-0.146881,-0.125886,0.108997,-0.266302,-0.030087,0.025232,-0.099636,-0.116337,-0.128774,0.058562,-0.062343,-0.043256,-0.138408,-0.028168,-0.165909,0.029111,-0.115127,0.117710,-0.030016,0.110566,0.050727,-0.074230,-0.115015,-0.012945,0.074093,-0.226950,-0.037771,-0.046399,-0.258094,-0.020768,-0.167080,-0.163620,0.090770,0.002063,-0.204582,-0.183944,-0.159301,-0.077311,-0.002923,-0.028954,0.043430,0.081357,-0.084570,-0.088691,0.037102,0.123381,0.005681,-0.170262,-0.126419,0.046488,-0.041849,-0.139081,-0.009528,-0.127268,0.016410,-0.159482,-0.132959,0.119021,-0.046026,0.117433,-0.105256,-0.136534,0.090095,-0.096091,0.127905,0.170496,0.094307,0.078653,0.006661,0.138593,0.038509,0.082309,-0.014793,0.058024,0.004099,0.122686,0.029530,-0.116492,-0.237526,-0.027661,0.011700,0.216423,-0.096642,-0.067806,-0.085014,-0.042716,0.053128,0.023472,0.079300,-0.004600,-0.211684,-0.193137,0.110783,-0.153705,-0.123099,-0.093076,-0.144884,-0.097075,-0.025417,0.009604,-0.107916,0.116219,-0.159220,-0.076667,0.057083,0.019016,-0.023141,-0.049901,-0.138619,0.035434,0.092004,0.175752,0.122718,0.142720,0.164768,-0.044376,0.122102,-0.165221,0.035013,0.094050,-0.024572,-0.171599,0.123758,0.139460,0.016386,-0.033867,0.054892,-0.202665,0.241242,0.167336,0.107225,-0.080181,-0.081289,0.113451,-0.111904,-0.021692,0.125069,0.045095
-0.049252,-0.110977,0.062594,0.046770,-0.053690,0.116182,0.122767,0.043518,-0.023096,0.143377,0.001064,-0.026843,0.019661,-0.055085,0.007086,0.288306,0.267488,0.011302,0.019045,-0.060828,-0.092045,-0.024666,-0.060013,0.026152,0.111482,0.101680,-0.025112,-0.009165,-0.191870,0.018780,0.116618,0.210870,-0.143585,0.068922,-0.039303,0.055179,0.007961,0.099928,0.056526,0.008080,-0.082004,-0.174448,0.111285,-0.194685,0.204290,0.039857,-0.005041,0.043418,0.149784,0.050235,0.025794,0.059060,-0.000053,0.068298,-0.022443,0.056557,0.163444,-0.000606,-0.013586,-0.005457,0.061634,-0.045353,-0.038649,0.032004,-0.003076,-0.021172,0.158248,0.281900,-0.044002,0.082437,0.080428,0.259370,0.276163,-0.062899,-0.127266,0.116592,0.019832,0.060791,0.130954,0.215293,0.023211,0.000519,0.113639,0.065677,0.080019,-0.058409,-0.038249,0.115155,0.019784,0.002700,0.149949,-0.125265,0.281762,0.174342,0.039554,0.010152,-0.017886,-0.104062,0.144757,0.150121,-0.146183,-0.142501,0.083122,-0.148274,-0.041306,-0.095080,0.172429,-0.017454,0.190963,0.014830,0.208110,-0.038118,0.126108,-0.041207,0.068440,-0.021724,-0.106213,-0.291717,-0.059890,0.138225,0.120469,0.067106,-0.242373,-0.058483,-0.009564,0.091950,0.126975,-0.017835,-0.041123,0.103055,-0.081021,-0.021235,-0.076837,0.001635,-0.044601,0.105062,-0.032665,-0.232812,-0.011781,-0.202214,0.162938,-0.042410,-0.008202,0.001931,0.006792,0.018364,0.021906,-0.024048,-0.025503,-0.037491,-0.120818,-0.150497,0.068082,0.059499,-0.011469,-0.000153,0.070775,-0.036779,0.057804,-0.136956,-0.134608,-0.066889,0.080096,-0.016565,0.052209,-0.040810,0.111563,-0.038089,-0.031098,0.077827,0.086771,-0.105251,0.021746,-0.011186,-0.111015,0.223669,-0.001887,0.102140,0.094245,0.113432,-0.122614,-0.138501,-0.046645,-0.127449,0.011755,-0.074216,-0.065316,-0.012873,0.137625,0.010668,-0.173725,0.101298
-0.000590,-0.128918,0.065734,-0.128425,-0.075004,0.048376,-0.020493,-0.056650,-0.027939,-0.038559,0.157343,0.167239,0.109261,0.000845,0.126333,-0.009300,0.114317,0.018215,0.093103,-0.118426,-0.175865,-0.111601,-0.009342,0.012828,0.157067,0.165316,-0.113607,-0.055313,-0.075097,-0.139588,0.071495,-0.060947,0.074393,0.069794,-0.131021,-0.046279,-0.150841,0.027498,0.253257,0.231492,-0.044434,-0.030072,0.043044,-0.220251,0.062993,0.057294,0.212254,0.067256,0.195611,0.026255,0.190525,-0.140357,-0.028214,0.080484,-0.051733,-0.150429,-0.083836,0.007397,-0.110386,-0.076827,-0.000446,-0.046846,0.172677,0.190681,-0.082171,-0.060016,0.179470,0.005167,0.053715,-0.179659,-0.076340,0.007630,0.075806,0.035034,-0.050946,0.076067,0.066380,-0.152743,-0.064490,-0.117261,0.119424,0.025374,0.057631,-0.011415,0.124855,0.021283,0.039315,0.050507,-0.013112,0.095936,-0.013050,0.120082,0.016958,0.011670,0.019096,0.105217,-0.070232,-0.041547,0.012237,-0.244834,-0.140775,-0.045148,0.082140,0.056555,0.010338,-0.024907,0.168446,-0.123411,0.155629,-0.010474,0.213023,0.038086,0.009562,0.172380,0.007837,0.013442,-0.042874,-0.124839,-0.118038,0.027437,0.082327,0.214019,-0.129955,-0.028289,-0.094210,0.023023,-0.105063,-0.051439,-0.011591,-0.058130,-0.056780,-0.071349,-0.158887,0.075312,0.280043,0.199051,0.018586,0.073938,0.055017,-0.260498,0.090456,-0.060483,0.025030,-0.114768,0.084252,0.009146,0.127668,-0.143436,-0.057898,0.220938,-0.002041,-0.091295,-0.002402,-0.037039,0.084679,0.157011,-0.160895,-0.049450,-0.088217,0.088394,0.001809,0.021528,0.098006,0.101457,0.038623,-0.017319,-0.050606,-0.181555,-0.083952,0.064774,0.115860,0.035895,-0.049758,-0.057686,0.201798,0.029166,0.133341,0.165009,0.170296,0.044487,-0.059116,0.024881,-0.098755,0.064155,-0.040157,-0.010121,-0.154016,-0.006900,0.050112,-0.129837,-0.091981,0.106217
0.039059,-0.006117,0.187703,0.037720,0.156913,-0.188978,-0.042645,0.122725,0.141424,0.188386,0.026313,0.291561,-0.180058,0.137064,-0.008586,0.193097,0.003767,0.057980,0.018093,0.153926,0.028320,-0.073581,0.129808,0.217887,0.165719,-0.057021,-0.012671,0.292120,-0.070528,0.023458,0.147746,0.058125,0.024331,-0.128762,-0.042322,0.021378,-0.049688,0.018758,0.019977,-0.107828,-0.048745,-0.008836,0.017909,-0.094727,0.005957,0.115587,0.048564,0.027645,0.035694,0.031746,0.141067,0.040651,0.018485,-0.134863,-0.072441,0.181820,-0.046643,0.324508,0.027931,0.056492,-0.122829,-0.050808,-0.118869,-0.166851,0.043427,0.058897,0.029984,0.006935,-0.008836,-0.106920,0.052660,0.174929,0.145899,-0.173509,0.010267,0.200096,-0.176710,-0.055140,0.067979,-0.089633,-0.195165,-0.031598,-0.193743,-0.142730,0.032060,0.018369,-0.102647,-0.345432,-0.110357,0.080986,0.011597,-0.285835,-0.015984,0.188536,0.044946,0.064815,0.047200,-0.030794,-0.025720,-0.095297,0.042062,-0.062238,-0.046297,-0.034252,-0.056921,-0.022316,-0.040080,0.115913,-0.048587,0.027822,-0.100197,0.020194,0.144860,-0.045199,0.110946,0.019642,-0.056149,-0.011035,-0.076418,0.075167,0.191283,-0.095159,-0.132042,0.259221,-0.144062,0.086440,-0.005507,-0.044450,-0.164306,0.100918,0.024312,-0.093061,0.021537,-0.140532,-0.127119,-0.256338,0.009067,0.059893,-0.000182,-0.215153,-0.049569,0.142776,-0.017979,-0.128923,0.071348,0.037572,0.071325,-0.093045,0.014173,-0.066044,-0.193344,-0.051104,0.031616,-0.056235,-0.003833,-0.052832,-0.015052,0.084596,-0.054657,-0.164041,-0.184467,-0.049560,-0.172930,-0.154688,-0.117232,0.014482,0.004604,-0.008597,-0.000603,0.059539,0.080066,-0.009347,-0.018902,0.047761,-0.002196,-0.034299,-0.090010,-0.089641,0.055112,-0.030340,-0.324261,-0.148695,0.000843,0.080560,-0.213485,0.024617,0.084595,0.060558,-0.045523,0.055375,-0.158436,-0.003156
0.185942,0.030073,0.124697,0.036026,0.055539,0.090933,-0.092458,0.054856,-0.039954,-0.225775,0.075835,-0.121526,0.331154,-0.080527,-0.068584,0.185272,-0.010865,-0.210601,0.154285,-0.126551,-0.151059,0.025916,0.025340,-0.014015,0.177103,-0.006152,0.174870,-0.309455,0.057507,0.120674,-0.234543,0.091174,-0.074173,0.025148,-0.020787,0.117571,0.038669,0.226355,0.108469,0.079546,-0.091537,0.063260,-0.008128,-0.031465,0.121883,0.108828,0.069123,-0.100514,-0.020277,0.126143,0.167495,-0.022530,-0.045108,0.077910,-0.114939,-0.075718,-0.022597,0.033233,-0.095060,-0.053050,-0.032738,-0.019835,-0.126440,0.080089,-0.072516,-0.179118,0.025695,0.179154,-0.113374,0.072807,0.048302,-0.061683,0.062521,0.003290,-0.133100,-0.211673,0.106313,0.131940,-0.165536,-0.023860,-0.036660,0.016286,0.017659,0.118079,0.056440,-0.079591,-0.062349,-0.030135,-0.146215,-0.062175,-0.066974,0.261932,-0.030289,0.152490,0.077479,-0.019030,0.148315,-0.115781,-0.055441,0.000514,0.004254,0.132792,-0.022298,-0.110680,0.012093,-0.009794,-0.008740,-0.111684,0.349082,0.017538,0.011091,0.152989,0.037761,0.014695,0.126753,-0.062287,-0.249805,-0.034222,0.047035,-0.019704,0.108393,0.011763,-0.119694,-0.228212,0.025378,0.068180,-0.269072,0.040010,0.029778,0.104582,-0.036362,-0.030947,0.132543,0.077906,0.289378,-0.019973,-0.088757,-0.017964,0.009166,-0.042916,0.106862,-0.022822,0.193165,-0.037703,0.194761,-0.242708,-0.000773,0.098410,-0.066521,-0.034583,-0.029316,-0.191189,0.205207,-0.021997,0.111542,-0.169050,-0.121921,-0.052065,0.182986,-0.149773,-0.065199,0.035515,0.091117,0.049241,0.149464,-0.059496,0.149501,0.085892,0.043089,-0.165433,0.034101,-0.116395,-0.080800,-0.045754,-0.015700,-0.061665,-0.044083,0.054475,-0.018889,-0.188989,-0.011451,0.058891,-0.220148,0.038113,0.079430,0.087702,-0.108050,-0.255491,0.041673,-0.111090,-0.097098,0.056666
0.040727,0.047607,-0.033623,0.167406,0.104487,-0.021363,0.255065,0.106198,0.057476,0.018624,0.004896,-0.217823,-0.028860,0.066254,0.016860,0.053675,0.165722,0.075445,-0.098160,-0.032280,-0.123716,-0.164751,0.106533,0.141636,0.179344,0.011241,-0.088811,0.014647,-0.010087,0.018399,0.147471,0.069075,0.039234,-0.060425,-0.010358,-0.127853,-0.111869,-0.027616,0.022722,0.294154,-0.127736,-0.244010,-0.080057,-0.102071,-0.130062,0.009941,0.090031,-0.034929,0.132895,0.140091,-0.105914,0.044759,0.074606,-0.158607,0.266095,-0.104239,-0.096994,0.053275,0.091583,-0.011297,0.015741,-0.031788,0.009670,-0.001698,0.212349,0.154674,0.018302,0.144626,-0.070729,-0.108852,0.022023,0.179493,0.016611,-0.163509,-0.042129,-0.121422,0.137818,0.012956,0.051359,-0.036778,-0.044394,0.155141,-0.084631,-0.099113,-0.030539,-0.067807,0.082290,0.154378,-0.050542,-0.186921,-0.059066,-0.001067,-0.050784,0.075017,0.027544,-0.032382,0.155977,0.021280,-0.021968,0.148739,0.097688,0.037110,0.308842,0.113449,-0.298186,0.010174,-0.051817,-0.011224,0.056324,-0.079933,-0.006563,0.097851,0.104130,0.144803,-0.200862,0.111169,-0.082834,-0.069778,0.057228,0.168591,0.072580,0.070311,-0.103887,0.018571,-0.138744,0.054917,-0.162033,-0.170014,-0.191928,0.007833,-0.144421,-0.107141,-0.102873,-0.091552,-0.153137,0.191484,-0.185635,-0.198297,0.030937,0.004294,-0.089314,0.023305,0.081335,0.070152,-0.297636,-0.111088,-0.053817,-0.003757,-0.011178,0.078971,0.026690,0.195986,0.057911,-0.106759,-0.135384,0.097812,-0.145345,0.235326,-0.082144,0.070429,0.103489,-0.073088,-0.046657,-0.072184,-0.090473,0.254143,0.104054,-0.030542,-0.095610,0.032885,0.196943,-0.019854,0.159357,0.098686,-0.007956,0.031225,-0.012865,-0.011121,0.010469,0.085031,-0.038792,-0.094949,0.051980,0.150169,-0.026767,-0.105175,-0.059740,0.113567,0.036102,0.036813,-0.008078,-0.008269
-0.051981,0.088156,0.083687,-0.096741,0.178653,-0.101980,0.095326,0.027479,0.104374,-0.119494,0.030761,-0.039285,0.163061,0.003298,-0.027872,0.039048,-0.007050,0.106542,-0.054512,0.060793,-0.079019,-0.048558,0.200812,-0.005708,-0.041507,0.071286,-0.122761,0.052289,-0.151681,0.025921,-0.096059,0.073359,-0.074668,0.105557,0.057034,-0.016544,0.021346,-0.066328,0.093780,0.078459,-0.036199,-0.119195,0.131843,-0.139831,0.122157,-0.052815,0.121748,-0.099151,0.060251,0.030756,0.154186,-0.009884,0.092509,-0.016714,0.006711,0.121058,0.007448,-0.085268,0.060142,0.107567,-0.005531,-0.048878,-0.133115,-0.101051,0.036735,0.051182,0.090102,0.003382,0.036596,-0.029984,0.151955,0.077142,-0.003983,0.075009,-0.036973,-0.057632,0.028538,-0.052551,0.035418,0.013175,-0.014777,0.173638,-0.037679,-0.032728,-0.011542,-0.046582,0.042490,0.012023,-0.036119,-0.147572,0.007426,0.101532,0.035207,-0.045276,0.041259,-0.021802,-0.055641,0.090356,0.112939,-0.045090,0.121235,-0.094912,0.053523,0.049277,0.011799,-0.123868,0.136528,0.094595,0.079576,-0.027517,-0.104598,0.160218,-0.005628,-0.023329,0.156251,0.072273,-0.006613,-0.138697,-0.044039,-0.016692,0.036229,-0.063902,-0.222521,0.111202,-0.300118,0.222450,0.126884,-0.232390,-0.061978,0.042055,-0.114792,-0.062779,-0.075685,-0.150412,-0.002322,0.236284,-0.298817,-0.196924,0.235643,-0.235999,0.127953,0.059625,0.121556,-0.001518,-0.035568,0.132404,0.037968,0.057991,-0.037148,-0.083527,-0.098293,0.022622,-0.046220,0.048760,0.163998,0.032622,-0.171264,-0.008953,0.094826,-0.096476,0.093998,0.033442,0.080613,0.102548,0.007997,0.012485,0.036623,-0.095389,0.003425,-0.049055,-0.051830,0.058768,0.009786,-0.065575,-0.145239,-0.072313,0.164862,0.046070,-0.016680,0.129188,0.034991,-0.007963,0.081673,0.020309,0.033538,-0.020822,0.013990,-0.079430,-0.035278,0.135813,-0.110874,0.060044
-0.099502,0.169171,-0.045161,0.026174,-0.220269,-0.225758,0.146831,0.096161,-0.026069,0.071505,0.119531,0.165201,0.089270,-0.053303,-0.072158,0.150002,0.029554,-0.279574,-0.055841,-0.102816,-0.280004,-0.157044,-0.102521,0.104350,0.296055,0.138127,-0.054981,0.154159,-0.259018,-0.068414,0.144760,-0.423285,-0.202274,-0.142875,0.041349,0.027410,-0.247762,0.064145,-0.021482,0.024518,-0.093529,-0.231889,0.157238,-0.341148,0.275912,0.089360,0.207095,-0.103035,-0.048192,-0.111505,0.103521,-0.105378,-0.210863,-0.154705,0.009079,-0.099502,0.051507,0.090091,0.172869,0.075934,0.001809,0.124857,-0.057969,0.002387,-0.220850,-0.047770,0.102482,-0.013317,-0.060989,0.045866,0.087585,0.067033,0.017812,0.041084,0.004324,0.178751,-0.166405,-0.040288,0.052128,-0.131802,-0.143349,-0.047026,0.046491,0.113134,-0.062748,-0.110357,-0.009875,0.133551,-0.086071,-0.017092,-0.021069,-0.109875,0.114268,0.026723,0.067494,-0.140670,-0.193519,0.061070,0.067854,-0.042306,-0.420521,-0.196851,0.259196,-0.062593,0.094168,0.027811,-0.024617,-0.023881,0.142565,0.021789,-0.157093,0.121296,0.052515,-0.280298,0.092561,-0.204510,-0.330861,-0.064041,0.073662,-0.056806,0.163571,0.027010,-0.077016,0.151510,-0.364121,0.038863,0.044297,-0.332072,-0.204552,0.055864,0.028042,0.153855,-0.134282,0.113724,0.065880,0.217290,-0.094017,-0.193452,-0.027078,-0.303927,0.315284,-0.015837,0.095111,-0.103457,0.086277,0.014394,-0.062663,0.154067,-0.115212,0.040823,-0.052831,0.002911,0.047325,-0.032744,-0.057175,-0.128585,0.029097,0.098252,0.232768,-0.028939,0.020993,0.020635,-0.032327,0.002033,-0.177859,0.019295,0.071034,0.181026,0.073461,0.049245,0.122995,-0.017889,0.056643,-0.155371,0.017643,-0.071842,0.008559,-0.099356,0.179771,0.224812,-0.016222,-0.074699,-0.189556,0.193224,0.099260,0.072773,0.030220,-0.033372,0.081865,0.030291,-0.168075,-0.068576
-0.111774,0.051572,-0.142127,-0.105380,0.089999,0.025298,-0.000689,0.045497,0.182432,0.101302,-0.034920,-0.018315,-0.087479,-0.086542,-0.069933,-0.188067,-0.030428,0.100837,-0.060501,-0.264414,0.082273,-0.016767,0.000189,-0.120001,0.127164,0.198516,-0.133882,-0.070530,-0.161538,-0.130255,-0.133861,-0.142318,-0.079283,-0.005139,-0.088656,-0.020156,-0.295777,-0.063898,0.097718,-0.082996,-0.068825,-0.244905,0.062171,-0.121937,-0.108950,-0.267615,0.121977,-0.135632,-0.072115,0.107932,-0.016016,0.011346,0.017691,0.008817,-0.076575,-0.050812,0.046334,-0.016964,-0.223893,-0.048896,0.078720,-0.046866,0.028055,-0.033530,0.013486,0.008061,0.067041,-0.265940,0.033894,0.115818,0.001884,-0.001329,0.183771,0.068378,0.166866,0.153260,0.075827,-0.249972,-0.019308,-0.094288,0.159262,0.117216,0.029407,0.136160,-0.253754,0.027475,0.107037,0.134858,-0.072392,-0.072682,0.068246,0.082249,0.234215,-0.273417,0.015486,0.117098,-0.236137,-0.113701,-0.214542,-0.080156,-0.023796,0.109910,0.108937,0.025190,0.067487,-0.019974,-0.016441,-0.148759,-0.050603,-0.070318,0.139318,-0.098287,0.056538,0.079739,-0.019300,-0.262264,-0.189253,-0.122900,0.052644,-0.105809,0.196589,0.088336,0.053671,0.084885,0.046771,-0.209301,-0.006704,-0.034776,0.040954,0.121386,0.036547,0.155844,-0.310079,-0.044138,0.036457,0.014537,0.004647,-0.233069,0.101716,-0.276365,-0.079639,-0.483136,0.128045,0.010679,-0.011050,-0.131792,-0.038444,0.019576,0.034204,0.041930,-0.003160,-0.063132,-0.128489,-0.017041,0.220396,-0.108070,0.096610,0.092400,0.114739,-0.290733,0.070006,0.000823,0.016539,0.021088,0.115750,-0.120449,-0.080012,0.200696,0.033490,-0.135909,0.078198,-0.179222,0.094710,-0.004000,0.040116,-0.141925,-0.023378,0.143473,-0.182776,-0.093568,0.287542,0.057939,0.009135,-0.131774,0.074364,-0.008667,-0.036773,0.107758,0.055901,-0.162060,-0.089195,-0.070835
-0.052168,-0.072142,-0.161786,0.025718,-0.022790,-0.047874,-0.131432,0.003524,-0.075286,0.035199,-0.137446,-0.132402,0.018504,-0.165611,0.132816,0.003223,0.033217,-0.089768,-0.012740,-0.005488,0.016369,0.085265,-0.137443,0.114706,0.051830,-0.203914,0.031859,0.052350,0.151144,-0.074108,-0.069994,-0.031615,-0.154121,-0.122290,-0.014995,0.053750,0.032093,-0.138766,0.033882,0.166471,0.132256,-0.008326,-0.068719,0.258416,0.277903,0.077066,-0.046981,-0.173547,0.049754,-0.070080,-0.101249,-0.010007,-0.038126,-0.043321,-0.002485,-0.045149,0.021029,-0.094556,-0.148774,0.004236,0.112212,-0.039811,0.215191,0.050531,-0.230154,-0.270383,0.063168,0.093735,0.010291,-0.031739,-0.053568,-0.000590,-0.200002,-0.070760,0.033678,0.022434,0.077166,-0.027562,-0.053645,0.049794,-0.061451,-0.040344,0.124192,0.001523,-0.117975,0.034132,-0.022047,0.207836,-0.051212,-0.134478,-0.183800,0.121306,-0.030379,0.070165,-0.003031,0.159113,0.014607,-0.110762,-0.044484,0.105005,0.027419,-0.170524,0.097044,-0.106142,-0.030074,0.013637,-0.160293,0.046849,0.016148,-0.185269,0.035942,0.066792,-0.209625,-0.182465,0.001637,-0.225211,0.046452,-0.124550,-0.025400,-0.027857,0.053917,-0.106147,0.035622,-0.039044,0.102334,-0.115222,0.117038,-0.033247,-0.131760,-0.135610,0.051980,-0.009912,-0.006378,0.013996,0.129540,0.089880,0.135142,-0.072813,-0.002353,0.054022,0.119181,0.116087,-0.020339,-0.044303,0.094338,0.056935,-0.078725,-0.124260,0.075731,0.124622,-0.139052,0.040760,0.004599,0.278994,0.013664,0.145782,0.041236,-0.069769,0.155867,0.011340,-0.034554,-0.067626,0.056149,-0.036699,0.060434,-0.141804,-0.113118,0.044792,0.103656,0.096227,0.055517,-0.168935,0.117679,-0.072572,0.112723,-0.166431,-0.040384,0.138738,-0.167416,0.015607,0.040201,0.021890,0.008875,0.028014,0.103696,0.061057,-0.065273,0.078883,0.132136,-0.043524,0.045410,-0.011321
0.002608,0.043596,-0.256439,-0.009975,0.073306,-0.111000,0.036177,0.036849,-0.150607,0.216881,0.127705,0.055855,0.060554,0.188158,0.057979,-0.071376,-0.049422,0.083591,-0.061483,0.230904,0.119643,0.239686,0.096486,0.010385,0.012407,0.071995,-0.096713,-0.023500,0.129250,0.014461,0.042764,-0.034792,0.050851,0.089725,0.090051,-0.117558,-0.187982,0.127243,-0.005468,0.053473,0.064392,0.142410,0.014842,-0.124989,-0.013468,-0.018941,-0.023638,0.006809,-0.027592,-0.106623,-0.119839,0.038959,-0.094995,-0.176182,-0.030523,0.132655,-0.049325,0.231181,0.081738,-0.088351,-0.144927,0.104250,0.222574,-0.024822,-0.049631,0.086614,-0.071865,-0.022151,-0.036770,0.081286,0.169920,-0.071766,-0.117997,0.321947,0.019292,-0.084097,0.163466,0.058397,-0.060572,0.199325,-0.059300,0.002091,0.128862,-0.089520,-0.191313,0.022968,-0.038149,-0.160323,0.026979,0.019851,0.045630,-0.051842,-0.097295,-0.008272,0.119306,0.173218,-0.034394,-0.066591,-0.151435,-0.014567,0.017371,-0.022531,0.005993,-0.003633,-0.120622,0.105935,0.000597,0.155479,0.116670,0.156112,0.227911,-0.123416,-0.235329,0.025500,0.059865,0.119182,0.212516,0.156289,0.308710,0.109772,0.084570,0.271502,-0.054419,-0.033839,0.232204,-0.015017,-0.085776,-0.114009,0.065211,0.115791,0.122417,0.183640,-0.226675,0.087177,-0.161160,-0.004039,-0.050199,-0.085015,-0.028976,-0.062293,-0.148159,-0.001324,0.033016,-0.034351,0.190641,-0.062836,0.092093,-0.101050,0.057703,-0.149280,-0.027213,0.013812,0.023932,-0.024714,0.162204,-0.190320,0.105926,-0.101489,-0.059603,0.011904,-0.055359,-0.139995,0.070789,0.146909,-0.052264,0.063282,0.001246,0.099796,0.149906,0.110107,0.023855,-0.102282,-0.061338,0.068809,0.053101,0.075506,-0.085095,0.026022,-0.283218,0.012897,-0.093013,0.047281,-0.016217,-0.120881,-0.061033,-0.040071,0.224080,-0.007272,0.202646,-0.127973,-0.015552,0.098121
0.039578,-0.036642,-0.124564,-0.105528,-0.058334,-0.012339,-0.071213,-0.003866,-0.169583,0.048477,-0.120922,0.089618,-0.044811,-0.054941,0.290295,-0.090179,0.069440,-0.013200,-0.063437,0.013378,-0.038934,0.037158,0.093617,0.104469,0.009013,-0.153158,0.118913,0.067686,0.035115,-0.052381,0.020538,0.109029,-0.125345,0.237461,-0.031915,-0.004451,-0.311659,0.062363,-0.008812,0.048524,-0.012149,-0.101342,0.013378,0.157698,0.120570,-0.091809,-0.121927,-0.029267,-0.083441,-0.006716,-0.107174,-0.001057,-0.048074,-0.023001,0.150511,-0.054015,0.185269,-0.105353,-0.144093,-0.044782,0.087966,-0.085211,0.443102,-0.005045,-0.203922,-0.039398,-0.033694,-0.003964,0.044324,-0.099759,0.001198,0.078315,-0.014916,0.112450,0.204023,-0.061641,0.073060,0.025291,-0.026075,-0.082449,0.231740,0.160169,0.063994,0.085352,-0.203906,0.040971,-0.131575,-0.041418,0.017933,-0.078622,0.119647,0.208921,0.266389,0.058992,-0.025365,0.069525,-0.029404,-0.042503,-0.129906,-0.223819,0.001568,-0.005079,0.043345,-0.088917,0.022753,0.009069,-0.123875,0.065614,0.088148,0.031420,0.169943,-0.037234,-0.108808,0.183649,-0.082877,-0.084105,0.051724,-0.070879,-0.185935,-0.014386,0.151974,-0.153421,0.320358,-0.123747,0.103773,-0.142953,0.081579,-0.007506,0.110770,0.233043,0.040645,-0.153696,-0.233854,0.138462,-0.052665,-0.015721,-0.008859,-0.010204,0.190402,0.164531,0.094776,0.059918,-0.101070,-0.076014,-0.032055,0.029299,0.185666,0.074288,-0.095579,-0.116562,-0.045791,0.101809,0.100818,0.045846,0.046045,0.123438,0.050682,-0.084413,0.105456,0.233266,-0.056454,-0.060124,0.061243,0.157117,0.020520,-0.014726,-0.223510,0.196843,0.114474,0.041629,-0.081839,-0.103192,-0.017052,0.217960,0.177564,0.022778,-0.004303,-0.023871,0.082078,-0.140767,-0.152223,0.156753,-0.004257,0.132334,-0.022299,-0.112000,-0.019854,-0.071367,-0.077952,-0.129389,0.107887,-0.088876
-0.097527,0.286282,-0.022209,-0.081054,0.083110,0.101831,0.094450,0.100524,0.178201,-0.096242,-0.057505,-0.072873,0.001623,0.149839,0.036210,-0.059886,0.118556,0.034335,-0.118289,0.170262,-0.066779,-0.148246,-0.131288,0.010500,0.038618,-0.091408,0.063651,0.037014,-0.044766,-0.159946,-0.138902,-0.099275,0.048222,0.067426,0.307126,0.115705,0.220553,0.158467,-0.002138,-0.023934,0.052707,0.218824,0.029081,0.168822,0.161882,0.041660,-0.048802,0.116460,-0.118047,0.202473,-0.076537,-0.161272,-0.027219,0.166835,0.150230,-0.063041,0.197585,-0.079419,0.006686,-0.214102,0.104703,-0.092473,0.183222,0.082508,0.103938,0.069226,0.082202,0.063409,0.089850,-0.216191,-0.097788,-0.057814,0.060230,0.030371,0.098581,-0.104981,-0.176019,-0.043779,-0.115842,0.122037,0.013641,0.133879,0.196172,0.194732,-0.060458,0.057648,0.044684,0.119338,-0.097793,0.159130,-0.006204,-0.006091,0.080466,0.119886,0.011297,0.116213,-0.035387,0.094324,0.086430,-0.080324,-0.014519,0.186899,-0.024581,0.062257,-0.060982,-0.028205,0.156932,-0.335717,-0.069239,0.108733,0.050693,-0.058505,-0.066835,0.063295,-0.072270,0.185143,-0.082493,-0.097565,0.120488,0.221778,0.047698,0.056848,0.290755,-0.080266,-0.053139,-0.110866,-0.143215,0.090274,0.119552,0.071392,0.244688,0.006644,0.323140,0.178250,-0.049095,-0.078401,0.079646,0.157874,0.077401,0.330942,0.075711,0.003412,-0.141393,0.087312,-0.130870,-0.139766,0.216213,0.133027,-0.046804,0.019083,-0.023053,0.011608,-0.051415,0.066382,-0.182164,0.264983,-0.118947,0.088482,-0.073405,-0.000126,0.057924,0.001720,0.043816,-0.101150,-0.157161,-0.037514,-0.028440,0.056397,0.012305,-0.075712,-0.047842,-0.078725,-0.118197,-0.148303,0.003564,-0.037576,0.094180,-0.130975,0.108617,-0.058064,-0.199406,0.001773,0.004324,0.022550,0.030150,-0.098033,-0.245252,0.073714,0.119650,-0.028914,0.123403,0.068235
0.059741,0.032658,0.017817,0.068161,-0.008575,-0.056311,-0.062079,-0.087899,0.029607,0.191544,0.002208,0.057758,0.171191,0.038465,-0.115082,0.049720,0.040969,0.040046,-0.053690,0.073248,-0.147337,-0.085257,-0.111313,0.125471,0.238278,0.117949,0.026738,0.181217,-0.075734,-0.335384,0.074819,0.065130,-0.071559,-0.088681,-0.007364,-0.117086,-0.246154,0.060349,0.029147,-0.023088,0.019464,0.126958,0.015894,0.047435,-0.124519,0.106006,0.130342,0.028726,0.027971,-0.055736,-0.004487,-0.034276,-0.105115,-0.045961,-0.017842,-0.124132,-0.076892,0.314923,-0.057545,0.067516,0.159782,0.198436,-0.035665,-0.019837,0.032556,0.012703,-0.205371,0.021533,-0.144503,-0.103780,0.023033,0.178265,0.185339,0.024264,0.025937,0.171784,-0.003052,-0.307538,-0.042177,0.032962,-0.079880,-0.055486,0.146199,-0.207484,-0.144166,-0.053211,0.120604,0.049188,-0.087403,0.085322,-0.033789,-0.159774,-0.177469,0.127910,0.116372,0.233347,-0.040286,-0.041048,-0.006706,0.013858,-0.016441,0.034730,-0.105265,-0.113167,0.151509,0.247090,-0.149778,0.109783,0.060255,0.098444,-0.169310,0.158853,0.046471,0.109201,-0.016630,-0.061947,0.009429,-0.076897,0.053134,0.125022,0.247415,0.095698,-0.053169,0.275138,-0.090277,-0.283092,-0.172556,-0.070351,0.029184,0.138905,0.029586,-0.127010,-0.199732,0.163518,-0.121903,0.185976,-0.053839,0.179826,-0.073072,0.253986,-0.112939,0.108536,0.083577,0.085254,-0.181174,0.037538,0.150438,-0.111459,0.084073,0.101937,-0.017403,-0.110822,-0.105032,-0.011923,-0.074735,0.099244,0.067813,-0.086485,0.019899,0.136987,-0.221910,-0.263224,-0.063345,-0.067307,-0.176368,0.049884,-0.151540,-0.020443,0.137787,0.102654,0.127038,0.232623,-0.091082,-0.084249,-0.162639,0.159997,-0.163332,-0.099009,0.046556,0.041478,-0.147683,-0.028419,-0.093269,0.071267,0.010990,0.022057,0.111646,-0.005164,0.092665,0.085293,-0.024965,0.181862
-0.061614,-0.170665,0.081254,-0.113228,-0.251429,0.004994,0.256887,0.016083,-0.093809,-0.072206,-0.043711,-0.089000,-0.011125,0.037690,0.106206,0.058857,-0.037202,0.047342,-0.042881,0.079012,-0.018904,0.023664,0.143714,-0.164657,0.077866,-0.013357,0.121514,0.141981,0.003006,-0.121215,-0.047589,-0.077607,0.095351,-0.014176,0.069781,-0.133405,-0.049685,0.172780,0.057226,-0.048137,-0.044257,-0.042426,0.040118,-0.108216,-0.004158,0.122486,0.006984,0.131492,-0.102229,-0.066377,0.059305,-0.011079,-0.294971,-0.083230,0.055879,-0.125140,-0.010076,0.053773,-0.248908,0.070783,0.003925,0.044028,-0.007046,0.044714,-0.003258,-0.088749,-0.034572,-0.092249,-0.075071,0.006334,-0.077997,-0.204657,-0.123230,0.048215,0.037379,0.186591,-0.151304,-0.036094,-0.033148,-0.102947,-0.105976,-0.074877,-0.012058,-0.067976,0.003916,0.079338,-0.061999,-0.253163,-0.134706,0.122376,0.074296,-0.062901,-0.064115,0.007113,-0.054553,-0.057300,-0.046544,-0.250269,0.145948,-0.021697,-0.217710,-0.066696,0.133688,0.014585,0.158975,-0.040782,0.045903,0.083617,-0.029147,-0.034943,0.071895,0.019421,0.112137,0.038220,-0.002495,0.208040,0.003207,0.023352,0.090994,-0.069881,0.005977,-0.095952,0.026078,0.017412,0.016928,-0.136727,0.041275,-0.098844,0.155904,-0.167801,0.036311,-0.309724,0.207645,-0.019737,-0.036243,-0.003211,-0.068443,0.238904,0.090752,-0.137794,-0.160771,-0.016727,-0.089626,0.043921,0.101300,-0.133104,0.038649,0.040746,0.027733,-0.078383,-0.126475,-0.091666,-0.008101,0.019205,-0.124278,-0.206609,0.077365,0.011405,0.214412,-0.130260,-0.034468,-0.296655,0.022975,0.083650,0.108418,-0.153514,0.099674,0.303733,0.121029,-0.160182,0.112279,-0.115964,0.279998,0.045044,-0.142169,-0.126871,0.094662,-0.086750,-0.082657,0.008750,-0.006193,0.046711,0.104625,0.131890,0.074048,-0.090553,0.022826,-0.034990,-0.029167,-0.281167,0.075101,-0.018209
0.075416,-0.308817,0.103616,0.150152,0.124632,-0.236753,0.082853,-0.060534,-0.064148,0.116380,-0.067746,0.127807,0.008030,-0.009894,-0.060402,0.171057,-0.016390,0.061747,-0.094572,-0.138219,0.089627,-0.025457,0.061300,0.087441,0.004411,-0.010442,0.020194,0.037540,0.139657,0.150553,-0.040128,0.031138,0.043927,0.030399,-0.057439,-0.036271,-0.151137,-0.122719,-0.072435,-0.053756,0.006159,0.020090,-0.132371,0.106413,-0.090733,0.025179,0.025121,0.182634,0.044866,-0.221096,-0.070773,0.020214,0.168081,-0.115887,0.007542,0.088327,-0.150151,0.096958,-0.008463,-0.000188,0.094867,-0.095599,0.046531,0.096141,-0.065171,0.021928,0.041548,0.153329,-0.059100,0.008530,-0.017152,0.014178,-0.042025,-0.067326,0.135385,0.072914,0.078087,0.153198,0.136758,0.097483,-0.132039,-0.152625,-0.050115,0.078349,-0.065332,-0.244350,0.080478,0.140798,-0.041737,-0.096074,-0.052821,0.068056,0.118625,0.109047,0.095349,-0.034977,0.138206,-0.269690,0.094000,0.056962,0.065064,-0.033644,-0.059538,0.079772,-0.078164,0.035021,-0.124564,-0.119639,0.025023,-0.161072,0.004111,0.083484,-0.206385,0.050643,-0.027856,-0.006301,-0.075813,-0.027573,0.099498,-0.031912,-0.111275,0.001150,-0.100976,-0.105636,0.115801,0.125037,0.076944,0.046748,-0.018295,-0.030288,0.112602,0.070706,0.048751,-0.197556,0.159404,0.032292,0.087090,0.047784,0.076177,0.051123,-0.037623,-0.018395,-0.068393,0.106625,-0.077559,0.156140,-0.014868,-0.089319,0.183467,0.074415,0.030352,-0.075067,-0.045883,-0.079919,-0.166957,0.091101,-0.154306,-0.003315,0.022740,-0.019660,0.235949,0.018942,0.132775,-0.075213,0.149369,-0.052866,-0.169834,0.229284,-0.048245,0.073054,-0.012572,0.115972,-0.113284,0.269072,-0.072325,-0.034813,-0.076539,-0.008421,0.290196,0.032452,0.134147,-0.064830,0.118668,0.012518,-0.042438,-0.214391,-0.065408,-0.012250,-0.218554,0.121964,0.064611,-0.012506
-0.114712,-0.098749,0.053261,0.128527,0.012473,-0.094882,0.017628,0.064048,-0.073104,-0.031056,0.094572,0.078680,-0.015871,-0.172896,0.175674,-0.165349,0.042531,-0.178888,0.028103,0.055479,-0.247797,0.007224,0.116069,-0.134551,-0.072884,0.091103,0.038052,0.018512,0.092176,-0.105040,-0.169053,0.064587,-0.091024,-0.102694,0.171593,-0.018447,-0.098257,0.129111,0.092539,0.024214,-0.001356,-0.014530,0.151164,-0.014239,-0.028603,-0.017345,0.015999,-0.146871,-0.027463,-0.151066,0.256836,-0.174894,-0.241057,-0.011150,0.249408,-0.059951,-0.150042,-0.018715,-0.109351,-0.214964,-0.023834,-0.074230,0.175387,-0.024743,-0.206443,-0.124224,-0.004091,0.036365,-0.085272,-0.117999,0.078080,0.036802,-0.041726,-0.075131,-0.177358,0.066225,-0.002430,0.012476,-0.177161,-0.028457,-0.095121,-0.093517,0.257486,-0.006684,-0.136105,-0.000577,0.005445,-0.019690,-0.131831,-0.191021,0.113543,0.151314,0.143848,-0.130183,0.088293,-0.146558,-0.110524,-0.078008,0.030799,0.000527,-0.215782,-0.068947,0.101253,-0.014281,0.006185,-0.130858,0.010993,-0.012532,0.007132,-0.049115,0.271275,-0.048474,-0.092586,-0.211493,-0.071574,0.010822,-0.300156,-0.165992,0.042590,-0.120834,-0.038086,0.110866,-0.081401,0.058014,-0.056178,-0.171056,-0.054298,-0.101968,-0.044346,-0.065580,0.187637,-0.065221,-0.106925,0.027047,-0.061277,0.031034,-0.045113,-0.101819,0.094446,-0.034135,0.073413,0.011408,-0.041324,-0.044931,0.080529,-0.046883,0.016645,-0.048996,0.183104,0.072316,0.010815,-0.125368,-0.071549,-0.202326,0.047571,-0.034512,-0.059963,0.035688,-0.061999,-0.034379,0.126614,0.202424,-0.000244,0.067834,-0.031154,-0.138963,-0.203165,-0.487406,-0.079825,-0.071559,0.118072,-0.078217,-0.045672,0.011499,0.001281,-0.063301,0.119922,0.118809,0.161370,0.186581,-0.089689,0.023506,0.153343,-0.139946,0.052825,0.037487,0.037142,-0.033337,-0.059277,0.014964,-0.091897,0.008721
0.019853,0.017817,-0.090685,-0.063481,0.074447,0.249149,0.232969,-0.030895,0.070164,-0.136175,-0.099562,-0.115811,0.033016,-0.089958,0.033401,-0.018789,-0.176588,0.011517,-0.174574,0.027300,0.123560,0.157849,0.129719,0.186474,0.048159,-0.051805,0.144129,0.192223,0.280551,0.167368,0.079048,0.039394,-0.013346,0.058160,-0.142647,0.190805,-0.002266,0.117672,-0.154376,-0.073064,-0.078680,-0.083794,0.026256,0.051149,0.189690,-0.153499,0.002802,0.107096,-0.006894,-0.038601,-0.180797,-0.076627,-0.048520,0.321446,0.022031,-0.006039,-0.055267,-0.116294,0.040923,-0.025226,-0.146835,-0.019406,0.003190,-0.037145,-0.066120,0.032349,-0.057642,-0.069880,0.080999,0.034935,0.039351,0.038627,-0.186141,-0.085424,0.048116,0.053416,0.345330,0.150081,0.147509,-0.100602,0.043920,-0.021066,-0.404703,-0.047004,0.126843,0.025572,-0.147662,-0.042371,-0.034742,-0.089989,-0.043195,-0.105040,0.195509,-0.009759,-0.048757,0.021342,0.185034,-0.115964,0.111098,0.027919,0.212332,0.318426,-0.048458,-0.128305,0.081155,-0.269103,-0.149655,-0.080563,0.013937,-0.006735,-0.133791,-0.137575,-0.141519,0.084979,-0.150506,0.004893,-0.051898,0.142254,-0.006334,-0.025542,-0.070447,0.045334,0.072555,0.123580,0.299404,0.153804,0.022969,0.067040,-0.050536,-0.068913,-0.284562,0.117679,0.075262,0.175340,-0.147881,0.093196,-0.023429,-0.077802,0.010691,0.201605,0.106560,-0.175629,0.122451,0.023961,-0.139490,0.028272,-0.056327,0.218676,0.102440,0.133923,-0.000877,0.121775,-0.132913,-0.126804,0.027605,-0.009990,0.012920,0.090094,-0.124165,-0.033844,0.045472,0.159914,-0.034149,-0.160275,-0.220028,0.028211,-0.127110,-0.226453,-0.093959,0.098255,0.042427,-0.007346,0.033721,-0.072622,-0.065888,-0.207760,-0.096632,0.002045,0.132765,0.230551,0.034988,-0.131140,0.045956,0.127771,0.103192,-0.035217,-0.019947,-0.131071,-0.138789,0.332732,0.051567,-0.022415
0.063288,-0.029917,-0.103108,-0.073122,0.119600,0.010408,-0.033042,-0.038530,0.102886,-0.048882,-0.179139,-0.142005,0.033059,-0.045204,-0.012193,-0.071138,0.012079,-0.124659,0.004564,-0.129022,0.145153,0.205958,0.024255,0.084572,-0.151623,-0.005346,0.006017,0.177374,0.083055,-0.058562,0.124447,-0.000475,0.082513,-0.084960,0.081990,0.086821,-0.108389,-0.085668,-0.047710,0.003204,-0.026971,0.294741,0.074907,0.199967,-0.087163,-0.190687,0.009345,-0.042317,0.043419,-0.108053,-0.162831,-0.002729,0.011636,0.113693,0.301130,0.009076,0.033530,-0.045657,-0.183273,-0.246135,-0.042133,-0.020089,-0.089426,0.189876,0.035832,0.139143,-0.013842,-0.082208,0.067441,-0.019256,0.083996,0.008620,-0.054588,0.123716,-0.013873,0.117921,0.148833,-0.089621,-0.024630,-0.036466,-0.048855,0.097192,-0.082012,0.063517,0.015703,0.137930,0.045131,0.044649,0.047271,0.207202,0.119851,0.023748,-0.100271,-0.138867,-0.056372,0.122931,-0.018269,0.027340,-0.119871,-0.165250,0.125449,0.028418,-0.049287,-0.061408,0.075960,0.030653,-0.150406,-0.027659,-0.119919,0.095492,0.108399,-0.140865,0.070679,0.176926,0.042211,0.080637,0.170574,0.323882,-0.027224,0.173150,0.020867,0.096964,0.039256,0.059806,0.175399,-0.014235,-0.077775,0.000105,0.047463,-0.020156,0.118252,-0.063611,-0.056254,0.020890,-0.176047,-0.079694,0.097454,0.352417,0.102321,0.197325,0.012568,-0.205334,0.137269,0.132050,0.143274,-0.016343,0.000180,0.250005,0.129108,0.052854,0.075380,0.075018,0.042827,-0.047207,-0.016926,-0.003428,0.098612,-0.037660,-0.105115,0.072865,-0.111351,-0.161229,0.018964,0.101194,0.085546,-0.037139,-0.060860,0.098121,0.132909,0.040278,0.004392,0.134779,0.107599,-0.002871,-0.095550,-0.014003,-0.019449,0.046324,0.077296,-0.130832,-0.029245,-0.126836,0.017953,-0.005968,0.002754,-0.002652,-0.030286,-0.018010,0.079059,0.018518,-0.076149,-0.234434
-0.020270,0.014774,0.197271,-0.052759,0.065850,0.025202,0.150019,-0.132856,0.217050,0.033567,0.148800,-0.062444,0.040737,0.028586,0.279806,0.153441,0.055700,-0.054763,0.038325,-0.059473,-0.118099,-0.172783,-0.110396,0.131387,-0.066379,0.061906,0.151455,-0.179269,-0.074977,-0.103408,0.013470,-0.224688,0.023069,-0.086106,-0.311860,0.016890,-0.075288,-0.077551,0.056545,0.061423,-0.008745,0.025115,0.192612,-0.032501,-0.051200,-0.007230,0.172688,0.010445,-0.003503,0.038674,0.034346,0.148769,-0.167611,0.318527,0.072773,-0.064147,0.125112,0.082285,-0.038004,0.027171,-0.065055,-0.134945,0.000019,-0.094979,-0.053778,0.081662,-0.008069,-0.036496,-0.337388,0.002808,0.010304,-0.012440,0.013021,0.146634,-0.019618,0.024087,0.031212,-0.088789,0.029145,-0.092939,0.005074,-0.103318,-0.050512,-0.004044,-0.019852,-0.027212,0.035570,-0.157950,0.030928,-0.001670,-0.063711,-0.027329,-0.093956,0.137949,0.051446,0.038084,-0.143554,0.129225,0.053599,-0.037936,-0.110410,-0.007194,0.275846,-0.094035,0.066738,-0.081888,0.081910,-0.069829,0.019770,0.014321,0.148707,0.118044,0.167204,0.039274,0.002019,-0.004669,-0.079900,0.169372,-0.028544,-0.012219,0.050016,0.079981,-0.046369,-0.287049,-0.163759,-0.099211,-0.094770,-0.103178,0.020349,-0.247849,-0.371735,-0.022885,-0.297869,-0.132641,0.086313,-0.053698,-0.061374,0.060589,-0.042139,0.085652,-0.126072,0.108886,0.143521,-0.022567,0.058785,-0.014456,-0.185481,0.069692,0.039124,0.143585,-0.049784,-0.110909,-0.098581,0.008346,-0.075429,-0.020209,-0.122912,-0.054840,0.017175,0.037710,-0.030842,-0.023370,0.100313,0.196446,-0.114664,0.109965,-0.035401,-0.000867,-0.017045,0.066153,0.221574,0.028891,-0.089134,-0.029863,0.062410,0.074815,-0.146614,-0.142747,0.091590,0.124079,-0.033518,-0.085974,-0.148550,0.186653,0.114035,0.056434,0.039703,-0.091164,-0.202331,-0.296948,-0.049527,0.066252
-0.166838,0.011361,0.055892,0.106527,-0.032322,-0.156651,-0.119617,0.122312,-0.060179,-0.089854,-0.009717,0.089349,-0.050916,0.083452,-0.113219,0.091309,-0.002829,0.014572,0.069066,0.084657,-0.094628,-0.090582,-0.107685,0.006654,0.032848,-0.024446,-0.036393,0.037965,-0.258876,0.095004,0.017354,-0.004249,-0.026943,-0.081002,0.046850,0.042389,0.030298,-0.046044,-0.053764,-0.126966,-0.030571,0.001778,-0.060051,-0.182372,-0.146238,0.007568,-0.027437,-0.029277,-0.063679,-0.175231,0.136311,-0.052587,0.078346,-0.031998,-0.157907,0.096662,-0.046435,0.001244,-0.017558,0.164550,0.082192,-0.007474,-0.063589,0.000767,0.084205,0.024843,-0.167257,-0.042037,-0.044941,-0.087662,-0.200237,0.067235,0.045773,0.003961,0.063330,0.038892,-0.161644,-0.004682,-0.030814,-0.006190,0.196152,0.072587,0.028232,0.070158,0.004570,0.103156,-0.147550,-0.129129,0.055922,-0.147606,-0.087289,-0.111664,-0.111363,0.059495,-0.059189,-0.028021,-0.127618,0.132501,0.053599,0.003023,0.049217,-0.040916,-0.064049,0.054465,-0.246106,0.152681,0.166597,0.107168,-0.129862,-0.078065,-0.220509,0.076542,-0.002777,-0.078260,0.042759,0.092605,0.057796,0.059586,-0.050313,0.044554,0.034314,0.066052,-0.081091,-0.146609,-0.032743,-0.031477,0.051392,-0.078624,0.207738,-0.073780,-0.144078,-0.016543,0.160601,0.040568,0.053452,0.106515,0.144295,0.086657,-0.200306,-0.044626,-0.038540,0.000968,-0.087942,0.048015,0.089364,-0.103690,0.002548,-0.030531,0.005315,0.193247,0.109828,0.036710,-0.053711,0.033908,-0.076317,-0.142350,-0.232727,-0.261135,-0.046492,0.098307,-0.072612,-0.002214,-0.065577,0.218994,0.012062,-0.088994,-0.014176,-0.117259,-0.144351,0.016702,-0.039145,-0.077330,0.202570,0.126972,0.120394,-0.033737,-0.195278,-0.140611,-0.027358,-0.094649,0.047518,0.151352,0.156257,0.003444,-0.172312,-0.341665,0.144569,0.251668,0.021953,-0.044672,-0.083281,0.019106
-0.124839,-0.034338,0.113109,0.044151,-0.092678,-0.015193,0.078985,-0.161745,0.089665,-0.012609,0.217061,-0.083356,0.056180,0.001419,0.235250,-0.058432,0.167619,-0.044411,0.031047,-0.086373,0.016647,-0.162850,0.050778,0.090748,0.171411,-0.027473,-0.066366,0.024863,0.099581,0.038563,-0.104138,0.009961,-0.134114,-0.111010,-0.061768,-0.027611,-0.111367,-0.020561,0.025449,0.036283,0.018040,-0.037250,-0.042857,0.148950,-0.082743,0.048558,-0.103950,0.196327,-0.069763,-0.051014,-0.098466,0.150687,-0.052086,-0.044308,0.044362,0.029701,-0.110379,-0.043193,0.078262,0.010708,0.152469,0.030930,0.134868,-0.025290,0.330787,0.098200,-0.110975,0.051881,0.106781,-0.358209,0.030274,-0.021639,0.161049,-0.136842,-0.001783,-0.036047,0.016451,0.152442,-0.002918,0.048937,0.005067,-0.079107,0.089421,-0.122093,-0.115526,0.183087,0.134766,0.105685,-0.111791,-0.036019,0.083031,0.109259,-0.194059,-0.004454,-0.033004,0.045472,-0.065922,-0.206272,0.038355,0.063222,-0.024610,-0.123635,0.043777,-0.063953,0.045857,-0.067586,0.075082,-0.016265,0.038699,0.086372,0.148304,0.041606,0.215597,0.128674,0.007555,-0.094738,0.074525,-0.078845,0.115647,0.113433,0.164207,0.072246,0.096546,-0.114465,0.060353,0.098800,0.095634,0.028579,-0.097299,0.084860,-0.026883,-0.153338,-0.009613,0.191102,0.017440,0.203586,-0.047509,-0.237299,-0.008567,-0.046238,-0.204947,0.029508,-0.089919,0.181791,-0.057637,-0.203037,0.086976,0.055184,0.111779,-0.067829,-0.110746,0.054086,-0.165004,0.041823,-0.101191,-0.022733,0.040627,0.110914,-0.021690,0.012142,0.123775,0.133489,-0.054542,0.109608,0.007130,0.044261,-0.048481,0.052106,-0.004758,0.291306,0.092253,-0.040353,-0.205787,0.124669,-0.057450,0.084965,0.034566,-0.026171,-0.052708,-0.107617,0.007456,-0.048441,0.080285,-0.217547,-0.259627,0.046975,0.190561,0.146273,0.041584,0.132756,0.011177,0.138604
0.221441,-0.085954,-0.128365,0.179634,0.226518,-0.009991,0.205104,0.258974,-0.007531,0.060620,-0.088356,-0.113142,0.059100,0.132459,0.207768,-0.014175,-0.325202,-0.282993,-0.151874,-0.218485,-0.073728,-0.167222,0.028711,0.045986,0.140692,0.035253,-0.019288,-0.199309,0.101740,0.004287,0.258477,-0.034427,-0.065359,0.007344,0.116154,-0.047579,-0.202641,-0.008550,-0.113791,0.145608,-0.220713,-0.200682,0.082783,0.045481,-0.043727,-0.170551,0.025707,0.169682,-0.054310,-0.112161,-0.038726,0.233190,0.173975,-0.177905,0.143024,0.177515,-0.056043,0.019290,-0.008476,-0.102015,0.054636,0.063321,0.237785,-0.043467,-0.090819,-0.177723,-0.109249,-0.174636,-0.173041,0.080733,0.046136,-0.116961,0.071269,0.115026,0.029728,0.072946,0.023165,0.002217,0.038365,-0.285291,-0.090439,0.043258,0.142818,-0.127387,-0.306163,0.119636,0.020096,0.216349,-0.300493,-0.235403,-0.107423,-0.006101,-0.058838,0.001605,-0.164915,0.166820,0.208097,-0.177635,-0.213349,0.078422,0.110551,-0.113547,0.017869,0.140048,-0.176355,0.117503,0.003971,0.043571,0.135169,0.163059,0.336806,0.055155,-0.270176,-0.057733,-0.107334,-0.166267,-0.090174,-0.088396,0.203978,0.039975,0.144960,-0.042176,0.040225,-0.025817,-0.105994,0.019124,0.092776,-0.036518,0.118787,-0.012689,0.050829,-0.003842,-0.183690,0.097042,-0.259694,0.219403,-0.130327,-0.194971,0.076556,-0.002918,-0.039722,-0.125570,0.034293,0.111618,-0.119303,-0.130665,0.006555,-0.213703,0.048511,-0.014185,-0.136246,-0.016739,-0.124375,0.189657,-0.002457,-0.109555,0.209584,-0.048980,0.184822,0.075886,0.060526,-0.011305,-0.033905,0.060490,0.221374,0.058056,0.176157,0.339050,0.216422,0.010539,0.000497,-0.113556,-0.098838,-0.052648,-0.143049,0.070050,0.126837,0.217527,-0.190494,-0.005478,0.199324,-0.003541,0.213902,-0.018516,-0.060933,-0.088238,-0.083247,-0.048720,0.243737,-0.073654,0.107357,-0.026881
-0.125133,0.082120,0.020193,0.171984,0.167128,-0.008600,-0.053723,0.042551,-0.024292,0.023807,-0.042648,0.052770,0.008431,-0.281484,-0.094531,0.051837,-0.101727,0.223072,-0.146083,0.067331,-0.063622,-0.042191,-0.039562,0.211655,0.161338,-0.146326,0.251938,-0.181962,0.180533,-0.012848,-0.089618,0.039851,0.065513,0.082834,-0.010185,-0.055863,-0.031932,0.019535,-0.015735,0.028515,-0.053333,0.017381,-0.202299,-0.078402,-0.134605,-0.074003,-0.007354,0.040040,-0.150758,0.022286,0.023381,0.077901,0.042738,-0.107340,-0.234070,-0.048019,0.099566,0.162294,-0.145492,-0.043845,-0.023361,-0.191506,0.018692,-0.110423,-0.150749,0.191635,-0.111620,-0.045308,-0.264502,-0.022993,0.000636,0.061924,-0.006111,-0.056381,0.087753,0.016191,0.043337,-0.102765,0.044385,-0.126202,0.068880,0.078719,0.090050,-0.068331,-0.007619,0.145525,0.077494,0.099416,0.117412,0.005303,-0.070445,0.061250,-0.000654,0.127578,0.010154,0.088841,0.040258,0.053576,-0.097937,0.020694,-0.015726,-0.098558,0.016781,0.064766,-0.086511,-0.074771,-0.031156,-0.070938,0.124571,-0.155770,-0.126047,0.112285,-0.030751,0.151569,-0.153789,-0.039879,-0.088954,-0.114897,0.039006,0.020769,0.163996,-0.021900,0.104510,0.049179,0.065350,-0.018377,0.044527,-0.000904,-0.037103,0.184215,-0.050536,-0.168424,0.018160,0.083875,0.008229,0.122856,-0.081300,-0.122654,0.067744,0.033187,-0.129994,-0.061000,-0.099733,0.002723,0.079437,-0.284795,0.121346,-0.149237,-0.111527,-0.090103,-0.113677,-0.035348,-0.032735,-0.177890,-0.004647,0.068279,0.019692,0.032008,0.242752,-0.176477,0.049239,-0.033638,0.125649,0.022551,0.106935,0.130699,0.134436,0.239066,0.150346,-0.101471,-0.041101,0.018025,0.060114,-0.009796,-0.316399,0.085712,0.002340,0.072113,-0.167770,-0.099668,0.224642,0.034225,-0.063245,0.101608,0.042705,0.044965,-0.227408,-0.009816,0.233324,-0.156083,0.029141,0.020478
-0.130088,-0.022553,-0.162988,0.083622,0.041000,0.113644,-0.003008,0.180783,0.130922,0.109909,0.123604,-0.073763,0.024018,0.204305,0.030777,0.065392,-0.009113,-0.036430,0.014883,-0.058235,-0.128303,0.172601,0.133127,-0.107690,0.178116,-0.056320,-0.154770,-0.126010,-0.028778,-0.078566,-0.047032,0.039258,0.098952,-0.025004,0.152867,-0.155852,0.080478,0.023061,-0.142198,0.083020,-0.022431,-0.014800,-0.058877,-0.026388,-0.075642,-0.026814,0.059163,0.160478,0.014688,-0.010246,-0.107428,0.087836,-0.384366,0.022671,0.049461,0.085955,0.050556,-0.021385,-0.019235,-0.045269,0.168854,0.031967,0.139849,-0.185629,-0.023428,0.125742,-0.136527,0.065823,-0.280038,-0.011868,0.018020,0.020161,0.006656,0.071435,-0.030979,-0.161941,-0.030879,-0.246613,0.043344,-0.134984,-0.012482,0.035035,0.110224,-0.109219,-0.012486,-0.020643,-0.126821,0.114272,0.031145,0.021657,-0.064837,0.117771,-0.078290,0.001849,-0.167780,-0.085635,-0.073275,0.108930,-0.204110,0.034033,-0.065169,-0.049992,0.070344,0.068923,-0.041810,0.178719,-0.046050,0.107521,-0.020529,0.172407,-0.056753,0.016559,-0.147825,-0.006879,0.014574,0.038182,-0.173689,0.227606,0.214751,0.054052,0.194174,-0.003277,-0.132730,-0.096005,-0.137526,0.030662,-0.051116,-0.005659,0.110722,0.057595,0.161718,-0.157019,0.117814,-0.012448,-0.163171,0.175164,-0.005389,0.138405,-0.082501,0.205137,-0.127974,0.023698,0.110722,-0.080658,0.034548,0.037091,0.180116,0.111159,0.168618,-0.173949,-0.023108,-0.189902,-0.035375,-0.092662,0.095546,-0.063986,0.232362,0.143934,-0.047667,0.040364,0.031310,0.140535,0.085581,-0.020208,-0.057893,0.094442,0.024435,0.069197,0.023841,0.052655,-0.028928,0.026939,0.157267,0.059672,-0.067546,0.075594,-0.107472,0.063543,0.053564,0.241310,0.007737,0.084889,0.143822,-0.064956,0.038347,0.123215,0.020311,-0.101261,-0.203526,-0.091163,-0.154396,-0.136242
0.080662,-0.127345,0.037861,-0.027661,-0.030553,0.106669,0.138268,0.156373,-0.102694,-0.009257,0.138375,-0.086120,-0.032517,-0.027985,0.060360,0.119196,0.204681,0.028441,0.083965,0.079208,-0.098886,-0.081164,-0.057690,0.076980,0.117996,0.042790,-0.114277,-0.202590,-0.029813,0.095239,-0.041670,0.209648,0.017583,-0.008845,-0.128190,0.096949,-0.081023,-0.136460,0.106323,0.009169,-0.023039,-0.226908,-0.079707,-0.113345,0.134397,-0.102678,-0.047676,-0.024775,0.093124,-0.040843,0.152465,-0.013415,-0.102466,0.109789,0.098454,-0.075763,0.002330,-0.037550,-0.017832,-0.038915,0.050754,-0.092806,-0.031444,0.147289,-0.068997,-0.041496,0.267917,0.159759,-0.003176,-0.173311,0.152381,0.162806,-0.005299,-0.052610,-0.013682,-0.081694,0.018993,0.197362,0.040583,0.161674,-0.114687,0.089517,-0.028569,-0.050918,-0.116386,-0.186978,-0.167995,-0.162593,-0.026327,-0.038718,0.114627,0.055192,0.179112,0.072218,0.076801,-0.041432,-0.068938,0.063119,0.148299,0.041049,-0.051923,0.133972,0.205711,-0.095004,-0.042306,-0.035861,0.165754,0.030706,-0.020253,-0.083083,-0.134657,0.095395,0.132172,-0.083553,0.063145,0.119040,-0.190415,-0.324417,0.003757,0.111717,0.116968,0.048671,-0.115491,-0.188754,0.007393,0.139328,0.097466,0.021056,0.046889,-0.005723,-0.064533,0.071642,-0.107758,-0.036065,-0.009249,0.109239,-0.027674,-0.327773,0.073993,-0.018194,-0.096986,-0.103985,0.021708,0.127758,0.058393,0.008175,0.177713,-0.212161,-0.014225,-0.076903,-0.015740,0.028274,0.209034,0.110642,-0.074992,0.095804,0.087059,0.168904,0.070577,-0.124803,0.149739,0.175272,0.112649,0.132701,-0.026682,0.077377,0.146659,0.000174,0.055237,-0.160198,0.070294,-0.002368,0.035805,0.107170,0.067437,-0.027036,0.254712,-0.004198,-0.036308,-0.017066,0.036484,0.004993,-0.076240,-0.006678,-0.079035,0.042324,-0.116148,-0.106251,-0.174095,0.033825,-0.135201,0.036603
-0.102928,-0.032454,-0.019394,-0.221558,0.020926,-0.101299,-0.088641,-0.089839,0.084617,-0.138159,-0.087461,0.007587,-0.013007,-0.089980,-0.052014,-0.138595,-0.247734,0.097041,-0.054365,0.008960,0.036460,0.148104,-0.019301,-0.054719,-0.115650,0.016865,0.071070,0.019420,-0.288957,-0.098879,0.031798,0.084324,0.125690,-0.065904,-0.101012,-0.011485,-0.294370,0.011404,-0.113481,-0.142597,0.116982,-0.089240,-0.037211,0.140284,0.058192,0.004510,0.028496,0.014087,0.037751,-0.116090,-0.192823,-0.049839,0.051468,-0.005410,-0.020753,-0.070787,0.144237,0.082379,0.056462,-0.094608,0.042959,0.150508,-0.062150,0.021992,-0.096185,0.041461,-0.042295,-0.068927,-0.036459,-0.066483,-0.019151,0.049938,-0.069774,0.137375,-0.082251,0.106089,-0.000931,-0.144589,0.099030,0.023802,0.222611,-0.048831,-0.075962,-0.030103,0.051151,0.138252,-0.147520,-0.135112,0.118384,-0.032561,-0.071829,0.043065,0.024807,-0.016912,0.054792,0.042548,0.110364,0.120423,-0.022616,-0.196484,0.023215,-0.266679,-0.115198,0.047404,0.091472,-0.065692,-0.059398,-0.010836,-0.092772,-0.079827,0.000820,0.080332,-0.261503,0.111078,-0.070273,0.044998,0.030048,0.210905,-0.022291,-0.062688,-0.259136,0.089671,0.024287,0.050173,-0.029652,0.030941,0.030852,0.215885,0.118110,0.008225,-0.151006,0.019715,-0.153707,-0.203231,-0.216211,-0.310370,-0.043506,0.188272,-0.200382,0.143638,-0.142025,-0.055302,0.158596,0.054201,0.057095,0.098140,0.084100,-0.050329,0.001727,0.079332,0.001063,0.057523,0.029442,-0.020524,0.122667,0.061032,-0.078637,0.058146,0.107504,0.223459,0.026575,0.108220,-0.003350,-0.116125,-0.060135,0.025618,-0.113810,0.043892,-0.085202,0.059814,-0.019607,0.056219,-0.105404,0.037090,0.013082,0.195993,-0.129284,-0.289051,0.167875,0.040988,-0.132047,0.122009,-0.023899,0.196132,0.014951,0.039160,-0.125464,0.036461,0.178847,0.074683,0.076981,-0.043785
0.119543,0.048822,-0.153064,0.062182,-0.071833,-0.097466,0.071356,0.112255,-0.101259,-0.013612,-0.055253,0.140125,-0.110764,-0.066065,-0.051234,0.053454,-0.055700,0.065091,0.104748,0.026618,0.131252,-0.141525,-0.055706,0.008723,0.132486,0.139992,-0.272693,-0.037895,-0.020247,0.125097,0.159792,0.045713,-0.202965,-0.085550,-0.024114,-0.023970,-0.144679,-0.031406,0.329380,0.100146,-0.121983,0.176036,0.219589,-0.050860,0.030250,0.132798,-0.169161,-0.139829,0.033193,-0.123742,-0.098619,0.090021,-0.213253,0.008740,0.080953,-0.058420,-0.145824,-0.194991,0.142276,0.376165,-0.062444,-0.161302,-0.064753,0.083608,0.001613,-0.095483,0.025356,0.103653,0.074311,-0.086602,-0.104165,0.019684,-0.000314,0.194740,-0.108869,-0.130368,0.076590,0.181901,0.009071,-0.015571,-0.294058,-0.231106,0.119816,-0.056833,0.173379,-0.100582,0.356166,0.042916,-0.006222,-0.015820,0.191367,-0.240976,-0.011444,0.032226,-0.082617,-0.141243,0.117707,-0.110789,-0.018446,-0.093256,-0.077746,-0.025084,0.144844,0.266021,-0.117121,-0.294044,0.080983,0.158751,-0.103904,-0.111433,0.028543,0.015238,0.052517,-0.004805,0.005217,0.133569,-0.022576,-0.240570,-0.231107,-0.054820,0.092936,0.251913,-0.010932,-0.065556,0.016415,0.245312,0.137721,0.020250,0.119330,-0.210800,0.165736,-0.015839,0.070892,-0.165109,0.212097,0.120832,-0.273945,-0.001474,0.143547,0.081565,-0.065036,0.041487,-0.039630,-0.045337,0.015442,0.059506,-0.110622,-0.142619,-0.157897,-0.065022,-0.029690,-0.131029,-0.036607,0.127004,0.089758,-0.205230,0.061005,-0.113662,-0.214810,-0.233228,-0.168689,-0.321957,0.102233,0.135481,0.205440,0.107268,0.429856,0.080646,0.075452,-0.006121,-0.099477,-0.060140,-0.172478,0.095160,-0.093417,0.043060,-0.060141,0.014175,-0.151407,-0.080774,-0.021646,0.035325,0.081242,0.027232,0.110563,0.290219,-0.046444,-0.079185,-0.156399,-0.144515,-0.062059,-0.054799
-0.067238,0.126956,0.084409,0.307726,-0.225766,0.088958,0.309285,-0.046281,-0.160577,0.078048,0.204889,-0.181342,0.057642,0.053339,-0.086711,-0.025146,0.242425,-0.162979,0.071897,-0.070197,-0.153666,-0.157772,0.032141,0.105959,-0.035549,0.277386,-0.047844,0.118367,-0.101881,0.117679,0.044369,-0.256856,-0.182137,-0.009015,-0.141474,0.118404,0.040376,0.060031,-0.025806,0.151731,-0.100319,-0.165970,0.139743,-0.245959,0.303811,-0.063860,0.020735,-0.019520,-0.076240,0.200439,0.076977,-0.155308,-0.249271,0.020638,0.136135,0.140428,-0.117304,0.053647,0.083490,-0.137734,-0.078176,-0.138567,-0.067559,-0.069534,-0.110251,-0.067602,0.118548,-0.173679,-0.048120,-0.065923,0.089759,0.076617,-0.019561,0.055018,0.005178,-0.046329,-0.011104,-0.004422,0.041181,-0.039364,-0.061223,-0.063939,-0.057329,0.156052,-0.027214,-0.040652,0.136124,0.007619,-0.001845,0.012489,0.185296,-0.185628,0.066289,0.086530,0.016956,0.017172,-0.250854,0.123543,0.051914,0.143936,-0.282965,0.097339,0.364349,0.020420,-0.009635,-0.043637,0.200277,-0.328936,0.036671,0.055836,-0.062809,-0.073573,0.136097,-0.090976,0.224440,0.094039,-0.125450,-0.299458,-0.050921,0.134774,0.196183,0.045348,-0.362422,0.017988,-0.167672,0.332865,0.117226,-0.202030,-0.135481,-0.084843,-0.182631,0.221659,-0.029211,0.100609,0.140074,0.208799,-0.187219,-0.067019,0.317902,-0.263318,0.217554,0.016277,0.180286,-0.127128,-0.035641,-0.044258,0.019675,-0.014607,-0.041651,0.034049,-0.041353,-0.005882,0.011290,0.218006,-0.054487,-0.106092,-0.040817,-0.022649,0.092306,0.175026,-0.036236,-0.052046,0.019800,0.029440,0.073252,-0.063424,-0.129835,0.058335,0.103398,0.136684,0.101309,0.078177,0.013340,-0.056386,-0.165566,-0.143615,0.158065,-0.123835,0.071982,0.077065,-0.101852,0.122747,0.008459,0.056939,0.040941,0.022828,-0.050672,0.077346,-0.084304,-0.099492,0.025909,-0.120344
0.157009,-0.012809,-0.028090,-0.162388,-0.084660,-0.006158,0.195735,-0.055087,0.098430,0.049983,0.019724,-0.034914,0.113533,-0.065453,0.113752,-0.107189,0.181272,-0.125086,-0.146709,-0.212105,0.013623,-0.076360,0.006561,0.058385,-0.019872,0.019470,-0.167230,-0.212363,-0.134958,-0.080813,0.141705,-0.005541,0.034555,-0.099702,0.046931,0.005863,-0.067665,-0.022450,-0.037049,0.138656,-0.142174,-0.177407,0.124277,-0.188881,-0.085905,-0.094072,-0.046558,0.011377,0.031126,0.109959,0.164372,-0.162442,0.022971,0.139693,0.165653,0.002452,0.176502,-0.095093,-0.154297,-0.033584,0.002024,-0.078119,0.283547,-0.193936,0.030770,-0.067728,-0.011809,-0.148396,0.166119,-0.061439,-0.021538,0.244893,-0.126297,-0.048241,-0.107701,0.039250,0.008798,-0.062906,0.156773,0.023122,0.039800,0.126952,0.061263,0.196044,-0.101228,-0.040585,-0.034938,-0.013576,-0.041416,-0.233109,-0.019584,0.040515,0.028679,-0.023177,0.062771,-0.057617,-0.011407,-0.074140,0.129311,-0.107391,-0.077500,0.007837,0.219175,0.120085,0.090126,-0.054843,0.102576,-0.166881,0.018425,-0.019506,0.151044,-0.093196,0.243970,-0.080786,-0.070238,-0.297905,0.132631,-0.015018,-0.024476,-0.061260,0.041835,-0.070917,0.047594,-0.082023,0.022806,-0.065098,-0.057119,0.043439,-0.160840,0.067464,0.058382,0.174802,-0.084040,-0.044293,-0.082495,0.038463,-0.089489,-0.106110,0.110088,-0.201938,-0.005926,0.005068,-0.013025,0.074236,-0.040744,0.029222,0.167786,0.006990,0.060314,0.072622,-0.021051,0.026213,0.065073,0.045232,0.020920,0.077257,-0.057311,-0.097198,-0.004206,-0.019444,0.066279,0.113807,-0.037330,-0.076307,0.014469,0.085454,-0.082479,-0.149858,-0.288875,-0.042867,0.092540,0.078438,-0.071710,0.160451,0.170560,-0.107639,0.136913,-0.019367,-0.020830,0.111930,-0.433354,0.027779,0.039640,0.072834,0.014090,-0.153584,-0.127198,0.104665,0.216211,0.014878,0.062507,0.095291
-0.131709,0.110746,0.096361,-0.135563,-0.011523,-0.120180,-0.100321,-0.092713,0.012647,-0.026562,-0.011914,-0.075153,0.074728,0.065146,-0.061574,0.001590,-0.092771,0.236043,-0.059361,-0.033126,0.047919,0.075500,-0.046324,-0.209068,0.099719,-0.317802,-0.006540,-0.113971,0.101209,0.064235,-0.125212,-0.100019,-0.118568,-0.051634,0.042371,0.065797,0.111331,0.085089,-0.078139,-0.197751,0.149168,0.083146,-0.122858,0.122968,-0.088318,0.098727,-0.099503,0.055327,-0.082586,-0.041679,0.068366,-0.047391,-0.042968,0.049487,-0.180281,-0.147160,-0.068998,0.062396,-0.063512,-0.007929,0.116836,0.071355,0.132750,0.136730,-0.029002,0.127641,-0.207800,-0.085687,-0.004355,-0.025992,-0.078374,-0.234572,0.130272,0.013352,0.060187,-0.057453,0.022329,-0.018279,0.081572,-0.042377,0.063883,0.276509,-0.038956,-0.110283,0.152176,0.074255,-0.145216,0.094034,-0.178288,0.242696,0.008692,-0.017140,0.139638,-0.072606,-0.109952,0.047167,-0.085249,0.128038,-0.002873,-0.153411,0.010046,-0.078443,0.119139,-0.176448,0.029567,-0.005817,-0.011049,-0.110858,-0.085048,-0.027825,0.043668,-0.132460,-0.083017,0.166092,-0.027052,0.011489,0.071997,0.006318,-0.186451,-0.345267,0.121678,0.066048,0.101605,-0.114442,0.036835,-0.161577,-0.174647,0.041483,-0.079016,0.051592,0.112631,-0.007268,0.083228,-0.004674,-0.026239,-0.274139,0.030810,0.289313,-0.140199,-0.021556,-0.028719,0.047163,-0.132937,-0.113085,0.006607,-0.016027,0.097919,0.168937,0.144903,0.017078,0.101887,0.200895,0.003342,0.006007,-0.121275,0.121655,-0.176012,0.014634,-0.138819,0.129157,0.121100,0.056573,0.041521,-0.037121,0.094199,0.036141,-0.146657,-0.086123,-0.034048,-0.014917,-0.077265,-0.021276,0.052228,-0.108921,-0.030500,0.021239,-0.063311,-0.007970,-0.063696,-0.230787,-0.100055,-0.081424,-0.019250,-0.007007,0.018693,-0.186063,-0.026144,-0.014476,0.100802,0.114198,0.075412,0.111033
0.171246,-0.053412,-0.208478,-0.192276,-0.166003,-0.090293,-0.200006,0.181948,-0.127013,0.069101,0.103157,0.045834,0.065656,-0.132142,-0.029324,-0.149266,0.020672,-0.020479,-0.070173,0.185050,0.027178,-0.048620,-0.060748,0.139419,0.123067,-0.193171,-0.272061,-0.110928,0.087442,0.138916,0.026261,0.447356,0.124434,0.206532,0.268649,-0.105869,-0.112726,-0.086964,0.013611,0.046384,-0.117119,0.092040,0.070455,0.025913,0.051852,-0.225527,0.086183,0.085940,0.069196,0.080937,-0.073468,-0.122715,-0.063588,-0.179579,-0.085346,0.073586,-0.204249,-0.079546,-0.038991,-0.052227,-0.033605,-0.113079,0.151530,-0.055798,-0.054239,0.039743,0.133149,0.224255,-0.126217,-0.227759,0.007612,0.044984,0.083366,0.003065,-0.196323,-0.146621,-0.018706,0.049060,-0.156779,0.311149,0.189783,0.111783,0.272336,-0.030013,-0.210222,-0.191913,0.118851,-0.005998,-0.178093,-0.055415,-0.042867,-0.089962,-0.000177,-0.143091,0.031316,0.037130,0.283936,-0.031723,-0.009690,0.007500,-0.013195,-0.137027,-0.167165,0.049014,-0.110666,-0.037529,0.118306,0.228980,-0.170566,-0.103004,0.056023,-0.190178,0.018998,0.103024,0.013191,0.004758,0.102887,0.209404,0.002222,0.062028,0.127098,-0.129900,-0.079450,-0.181031,0.097483,0.121237,-0.005392,0.210572,-0.032921,0.003710,0.350004,-0.294021,-0.003110,-0.008009,0.060001,0.004784,-0.163647,0.002523,0.210744,-0.041258,0.144239,-0.110234,-0.074078,-0.023792,-0.071774,0.104915,0.127664,-0.018595,0.028117,0.056269,-0.147409,-0.064473,-0.047992,0.175132,-0.088459,0.040474,-0.194649,-0.071806,-0.077640,-0.281826,0.056712,0.062383,0.007830,0.227141,0.143203,0.002143,0.034261,0.058253,-0.159398,0.069738,-0.005813,0.095998,0.045788,-0.095812,0.118891,-0.025098,0.048589,-0.047294,-0.170569,-0.136155,-0.135270,0.110466,-0.154887,-0.011348,0.125296,-0.148801,-0.027696,0.079224,-0.013414,-0.041736,0.014651,-0.102416
-0.112113,0.111103,0.061076,-0.076728,-0.046543,-0.146448,0.132523,0.005779,0.193982,0.146943,0.012839,-0.084883,-0.136522,-0.275036,0.098956,0.149824,0.097051,0.016516,0.071902,0.026540,-0.179310,-0.106147,-0.077693,-0.035068,-0.048641,-0.105853,0.409436,0.012121,-0.131225,-0.167216,0.011075,-0.266150,-0.232321,-0.054019,-0.097668,0.056084,0.195485,-0.096448,0.054364,-0.134013,0.176299,-0.174107,-0.071184,-0.020077,0.117070,0.063069,-0.037102,-0.192104,0.065938,0.110124,0.352268,-0.232338,0.052106,-0.163596,-0.136239,-0.313018,0.064739,0.165049,-0.034915,0.187427,-0.143679,-0.166329,-0.004010,0.146735,-0.025525,-0.200309,-0.098478,-0.030324,-0.112375,-0.163650,-0.146002,0.026339,0.032280,-0.193968,0.396888,0.178255,-0.125211,-0.397760,0.055198,-0.272085,-0.153151,-0.107635,0.044189,0.086772,0.105233,-0.119993,-0.249485,-0.153587,-0.039531,-0.064673,-0.061711,0.314358,-0.043731,-0.045433,0.126802,-0.108319,-0.023181,0.211252,0.057476,-0.108747,-0.286183,-0.069979,-0.034576,-0.050623,0.120093,0.173463,-0.024804,-0.006232,-0.177678,-0.182648,0.038959,-0.015429,0.042196,-0.156283,0.035497,-0.026465,-0.221036,-0.119769,-0.113540,0.130738,0.067713,-0.136697,0.155543,0.096506,-0.168850,-0.221459,0.079900,-0.283621,-0.136429,0.125847,-0.002038,0.125091,0.274122,-0.103966,-0.088570,-0.002342,0.047696,-0.186968,-0.022596,0.078940,0.037700,0.005407,-0.075938,-0.224090,0.058485,-0.061686,-0.210206,0.050635,-0.119979,-0.169558,-0.151504,-0.293685,-0.065741,-0.213532,0.167881,0.124711,-0.096631,-0.017714,0.217103,0.026558,-0.116955,0.149113,-0.073418,0.020650,0.008060,-0.081974,-0.140897,0.119252,0.024381,-0.034113,-0.040675,-0.072545,0.085672,-0.264633,-0.026892,-0.095377,0.039145,-0.138112,-0.119529,0.047034,0.033048,0.060032,0.086187,-0.177217,-0.051661,0.057156,-0.067983,0.072099,-0.059438,-0.040222,0.068132,-0.182423
0.044025,-0.109449,-0.127975,-0.029693,-0.149828,-0.137974,-0.137332,-0.076395,0.045978,0.157207,-0.001439,0.078569,0.111015,0.000291,0.067307,-0.059135,-0.031480,-0.132164,-0.001059,-0.136334,-0.266378,0.067391,-0.012158,-0.004663,0.044710,-0.114966,0.035655,0.066191,0.030312,0.132670,-0.003900,-0.131445,-0.120096,-0.182967,-0.028566,0.015256,-0.294495,0.159692,0.039761,0.029530,0.010883,-0.029255,0.069049,0.000620,0.042436,-0.000433,-0.016588,-0.100547,-0.033928,-0.036915,-0.079379,0.007372,-0.302041,-0.139309,-0.144819,0.041817,-0.176341,0.163638,-0.050271,0.151881,0.052773,0.145528,0.069145,-0.038153,0.141955,-0.048474,0.060083,-0.077215,-0.156676,0.163746,0.036645,0.151865,0.018147,-0.133860,0.026928,0.106033,0.202295,0.050039,0.119149,-0.183281,-0.332685,-0.036187,-0.021515,0.103632,-0.056842,-0.019947,0.411225,-0.076524,0.074746,0.182743,-0.045950,-0.038072,0.148720,0.164495,0.241950,-0.113604,0.070244,-0.019914,-0.011132,-0.039360,-0.264268,-0.067358,-0.165117,0.083713,0.038315,-0.013734,0.002859,0.253813,0.229473,0.017398,-0.109406,-0.088055,0.111752,0.013243,-0.016051,0.083326,-0.195091,-0.139875,0.222532,-0.142852,0.119870,-0.023033,0.080025,0.075066,-0.001330,0.236328,0.005608,-0.149054,-0.114798,-0.260191,-0.080624,-0.065355,-0.044436,0.130742,0.170026,-0.127979,-0.027865,-0.040608,-0.077715,-0.191565,0.108710,0.207361,0.023612,-0.091935,0.082237,0.037166,-0.087894,-0.078797,-0.013647,-0.050718,0.030341,-0.111513,0.333499,-0.126738,0.006638,-0.045631,0.079522,-0.058022,0.118438,0.141854,0.225391,0.086535,0.083933,-0.052157,0.025406,-0.028072,0.082512,-0.089911,0.011861,0.029844,0.024637,0.126887,0.222471,0.108916,-0.084280,0.013470,-0.056035,-0.099894,0.171290,-0.065710,0.022381,-0.140470,-0.037416,0.161566,-0.101673,-0.039591,-0.051135,0.086922,0.003396,0.097436,-0.038770,0.054552
-0.123751,0.008187,0.109306,-0.062349,0.175705,-0.115626,-0.087471,0.012216,0.081566,0.169494,-0.225405,0.074856,0.045035,-0.264221,-0.234839,-0.002429,0.036462,0.150342,-0.151076,0.151756,-0.082620,-0.041192,-0.052233,-0.059722,-0.233129,-0.149700,0.248670,0.001934,0.155247,-0.085274,-0.088212,0.042961,-0.072520,0.099058,0.050614,-0.008232,0.123347,-0.101095,0.063259,0.083748,0.045643,0.211746,0.053911,0.066783,0.050771,-0.035194,-0.082024,-0.086132,0.038915,0.184366,-0.049073,0.108153,0.025809,-0.010811,0.122005,-0.063254,0.022484,0.098098,0.074597,-0.030563,0.097375,-0.071532,-0.151460,0.168055,0.172138,0.118216,-0.182992,0.017228,-0.143664,0.131063,-0.028306,0.048784,-0.168533,-0.200899,-0.071287,-0.101973,0.054838,0.043624,-0.110833,-0.003044,-0.049662,0.124472,-0.029044,-0.078058,0.157808,-0.098402,-0.067380,-0.097897,0.131406,0.011152,0.083702,-0.053190,0.080336,0.059400,-0.065707,-0.135711,-0.036174,0.032927,-0.080686,-0.103825,0.000606,-0.159847,0.042891,0.097345,-0.048100,0.267431,-0.162068,0.117381,0.043367,-0.353448,-0.134332,0.112344,0.115770,0.151014,-0.164258,0.107273,0.003787,0.129812,-0.050231,0.059994,0.016077,-0.129756,-0.003351,0.027713,0.170334,0.201535,-0.144250,0.089314,-0.015401,0.082425,0.204043,0.137783,0.173558,-0.125350,-0.015014,0.009598,0.002105,0.092692,0.149419,-0.031457,0.094152,-0.020196,-0.055943,-0.216015,-0.154030,0.169534,-0.060247,0.150096,0.060104,-0.075532,0.074583,0.038960,0.014754,-0.090450,-0.104816,-0.043461,0.011481,0.027809,-0.084484,-0.104451,-0.022423,-0.027892,0.078698,-0.020576,-0.022900,-0.041362,0.107812,-0.110625,-0.092752,0.145227,-0.049091,0.136850,-0.074948,0.089011,0.348962,-0.083416,-0.088985,-0.013555,0.062029,-0.072799,-0.154811,0.002388,0.067084,0.133786,-0.014891,-0.154746,-0.096968,-0.181063,-0.042912,0.106578,-0.185287,-0.027207
0.213314,-0.073914,0.066829,-0.042746,0.035890,0.115960,-0.074850,-0.090311,0.089339,-0.035552,0.202838,0.017792,0.076777,-0.113576,-0.180705,0.004558,0.157551,0.023657,-0.035280,0.032640,0.164332,-0.107362,0.037085,0.085613,-0.007349,0.085238,-0.058563,0.010729,0.015702,0.087393,-0.035078,0.062851,0.051498,-0.096341,0.005547,0.085954,0.117086,-0.056649,-0.041626,-0.051140,-0.095057,0.049733,-0.150910,-0.139686,-0.015313,0.087193,-0.076252,0.069548,0.110542,-0.193479,0.094656,-0.089400,-0.057624,-0.104479,-0.252672,0.022014,0.082195,0.042101,0.036634,0.032875,0.084554,0.098538,-0.343434,0.050858,0.005637,0.017496,0.042816,-0.027433,0.132267,-0.176611,-0.072149,0.164894,-0.016193,-0.202157,-0.024920,-0.024005,-0.107698,0.097213,-0.057296,0.233569,0.042175,-0.266338,-0.150278,0.088877,0.139970,-0.057577,-0.104560,-0.008973,0.007295,-0.115523,0.005960,-0.215263,-0.073462,0.025846,0.005528,-0.045577,0.061307,0.003455,-0.062543,0.145536,-0.148492,0.002635,-0.077314,-0.137707,0.092868,-0.096715,0.074896,0.236657,-0.147380,-0.135156,-0.273984,0.076147,0.007151,-0.113900,0.195984,-0.071061,0.150351,-0.185067,0.030819,0.058886,0.224853,-0.031801,-0.073306,-0.040931,0.046676,-0.072266,-0.047519,0.152193,0.054354,-0.112518,-0.121328,0.011564,-0.058260,-0.115189,-0.009998,-0.084306,0.022679,0.044813,0.031675,-0.112518,0.009176,0.199823,-0.023804,0.059023,0.049171,-0.120011,0.020438,-0.043820,0.203639,0.185936,0.222511,0.160579,0.087973,-0.017865,-0.147613,-0.030241,0.087689,-0.121918,0.004214,0.033766,0.141993,0.054219,-0.135574,0.108235,-0.040725,0.062434,-0.076998,-0.073735,-0.005020,0.037573,0.049011,0.022563,-0.143198,-0.187017,-0.035472,0.025237,0.060474,-0.106288,0.095752,0.075322,0.067199,-0.123563,-0.041322,-0.085383,-0.049993,-0.208045,-0.324414,0.134832,-0.008371,-0.046858,-0.038123,0.137750
-0.047936,0.193054,0.069040,0.151765,-0.227354,0.121370,0.031081,-0.057568,0.116721,-0.140054,0.015584,0.057024,-0.066061,0.040563,0.267850,-0.014423,-0.158730,0.011118,-0.054223,0.029945,-0.036920,-0.317845,-0.157563,0.101760,0.050785,0.025594,-0.088859,0.085230,-0.120222,-0.021115,0.052493,-0.072897,-0.077772,-0.015413,-0.047940,0.128961,-0.111262,0.164195,-0.026417,0.059631,0.057254,-0.150384,-0.120306,-0.087838,-0.032267,0.249968,0.043883,0.200494,0.120480,-0.010232,0.131344,0.105652,0.040079,0.052375,-0.119548,-0.100663,-0.043326,0.061469,0.002752,0.055375,0.086289,-0.198705,0.090188,-0.063772,0.022921,0.062614,0.026272,0.098397,0.006144,0.018349,0.055968,0.034167,0.053168,0.000357,0.181029,-0.103130,-0.029470,0.250735,0.046740,-0.191770,-0.071770,-0.112477,-0.065090,0.196429,0.010525,0.070041,-0.072907,0.105375,-0.040134,-0.253065,-0.154282,-0.093559,-0.176159,-0.070690,0.060537,0.293452,0.051436,0.141971,0.087675,0.169652,-0.216728,-0.051908,0.012864,-0.207085,-0.037829,-0.023460,0.035033,0.074277,-0.180530,-0.027550,-0.029810,0.151781,-0.123196,-0.109502,0.073338,0.019811,-0.129489,0.043084,-0.102870,0.019823,0.120084,-0.128477,-0.032375,-0.018677,0.101288,-0.061725,0.129592,-0.055554,-0.126879,0.058925,-0.043526,0.030969,-0.130015,0.081628,-0.046675,0.120388,0.037605,-0.209228,-0.215506,-0.018115,-0.078397,0.192905,-0.028447,0.179598,-0.215516,-0.261579,0.199811,-0.372475,0.103411,0.054448,-0.057256,-0.092043,0.113642,-0.001282,-0.159843,0.129619,0.213307,-0.075345,0.030110,-0.160410,-0.167639,-0.036315,-0.065996,-0.022241,0.022642,-0.120902,-0.037714,-0.350465,-0.031727,0.101142,0.099211,0.161413,-0.163898,0.020247,-0.250286,-0.000328,0.168850,-0.043635,0.260667,0.112189,-0.098883,-0.026734,-0.050101,0.043622,-0.024531,0.029815,0.240652,0.075634,0.105446,0.055315,-0.049638,-0.058561
-0.074707,-0.118234,-0.082234,-0.166208,-0.158874,-0.111747,0.046542,-0.163019,-0.024412,0.273114,0.011186,-0.122354,-0.002299,0.136342,0.040691,-0.125940,-0.033142,0.063900,0.067801,-0.235491,0.085297,0.084020,0.042133,-0.113095,-0.104742,-0.002242,0.178205,0.084687,-0.001927,-0.112489,0.063505,-0.337139,-0.077286,0.055852,-0.112508,-0.040747,0.083372,0.092821,0.015457,-0.298040,0.266316,-0.011961,-0.070664,0.031518,-0.007866,-0.041602,-0.020158,-0.110958,-0.006583,-0.012888,-0.066445,-0.086908,-0.230062,-0.059091,-0.006600,-0.058326,0.094428,0.067261,-0.059520,0.041454,-0.082474,0.147266,0.235034,-0.120193,-0.129341,-0.006230,0.040564,0.092282,0.106625,-0.004284,-0.002149,0.021606,0.141666,-0.121930,0.023012,0.002275,0.004263,0.083393,0.098411,-0.189932,-0.024923,0.108094,0.107720,0.043063,0.056461,0.116854,-0.071656,-0.037899,0.149561,0.052473,-0.001369,0.045709,0.149740,-0.033379,0.009886,0.100053,-0.176923,-0.058983,0.056181,-0.138452,-0.203275,-0.207136,-0.101492,-0.182376,0.194128,0.049997,0.045864,-0.096791,0.018834,-0.026590,0.123012,0.010809,0.056659,-0.014137,0.076657,0.027471,-0.032335,0.033119,-0.032452,-0.005588,-0.075316,-0.051533,-0.019533,0.178013,-0.083446,-0.108483,0.041909,-0.047784,-0.060396,0.060457,-0.102436,-0.074667,-0.101067,0.064482,0.012677,-0.037606,0.128551,-0.216111,-0.094593,0.089513,0.081081,-0.027078,0.039570,-0.091043,0.114106,0.056661,0.048560,0.032771,0.024847,-0.022658,0.160103,-0.023209,0.056735,-0.225553,0.194728,0.010006,-0.142081,0.141950,0.146455,0.168623,-0.048956,0.250943,0.023406,-0.117397,-0.014174,-0.035409,-0.148233,-0.045092,0.062329,0.005253,-0.018453,0.070199,0.060117,-0.085363,-0.057857,0.158941,0.085503,0.127406,-0.011950,-0.018084,-0.171207,-0.003058,-0.184034,0.176042,-0.073471,-0.112497,-0.069361,0.063997,-0.228773,0.123060,-0.107841,0.042277
0.059681,-0.171693,0.052120,0.104918,-0.062353,0.029170,0.046818,-0.019048,0.157203,0.199553,-0.039465,-0.058667,0.030358,-0.064001,0.104442,0.032856,-0.155366,-0.163068,-0.075366,0.010057,-0.193132,0.075764,0.012337,-0.019520,0.011030,0.219096,-0.108038,0.258286,0.167483,0.005909,0.101355,-0.104955,-0.233773,0.078382,0.016505,-0.083993,-0.226394,-0.059316,0.103354,0.086900,0.047515,0.037572,0.098476,-0.154488,0.085341,0.098411,0.209260,-0.073490,-0.028247,-0.119314,0.058692,0.071009,-0.006004,-0.032736,-0.020957,0.061524,0.147858,0.009322,0.039208,-0.002988,-0.206624,0.012723,-0.012711,-0.044321,-0.178009,0.127717,-0.097548,0.143954,-0.120884,0.204036,0.058325,0.004029,-0.076650,0.052226,-0.016189,0.184196,-0.011265,-0.059313,0.181204,-0.173196,-0.215136,-0.093513,0.028236,-0.121656,-0.096979,-0.019865,0.051019,-0.116848,-0.060854,0.092449,0.052523,0.124282,-0.019533,0.185881,0.123390,-0.060813,-0.018041,-0.011015,0.028003,0.052510,0.040218,0.033728,0.240137,-0.072005,0.048740,-0.149481,-0.139698,-0.007606,-0.003930,0.152486,0.033246,-0.028965,-0.090077,-0.071394,0.151998,0.263192,-0.125929,0.023061,0.133810,-0.211448,-0.025496,0.068274,-0.296171,0.127058,0.037612,-0.085837,0.141624,-0.192934,-0.117873,0.078017,-0.027211,-0.113195,-0.259310,-0.148963,-0.005574,0.012289,-0.109242,-0.113583,0.005760,-0.158859,0.159194,0.176618,0.228246,-0.035903,-0.026947,0.095982,-0.048176,0.034069,-0.070621,-0.025755,-0.061985,-0.012399,0.130789,0.105442,0.158984,-0.194605,0.202179,0.064224,0.018560,-0.195810,-0.040358,-0.000326,0.225914,0.020234,0.070339,0.095688,0.179222,0.077514,0.360011,0.138818,0.301005,-0.033890,0.017778,-0.011276,-0.053474,0.023484,0.091615,-0.143715,-0.138376,-0.022928,0.125880,0.032493,0.060950,0.020590,0.148716,0.054937,0.122088,-0.069542,0.140510,-0.265756,-0.119720,0.012500
0.042406,-0.061032,0.005686,-0.027878,0.035476,0.119912,-0.015468,-0.237316,-0.030824,-0.046151,-0.095150,-0.150556,-0.127962,0.010693,0.177005,-0.207352,-0.023447,-0.065974,0.045072,-0.072685,0.263178,0.122915,0.021610,-0.124153,-0.123590,-0.241832,-0.082747,-0.000193,0.148595,-0.123948,-0.090089,0.057568,0.025965,0.088099,-0.034528,0.179843,0.018271,-0.056403,0.083703,0.001234,-0.001813,0.324085,-0.027288,0.181748,-0.075017,-0.072631,-0.029706,0.108398,-0.000101,0.068408,-0.119585,-0.079475,0.047978,0.104965,0.002841,-0.172337,0.170057,-0.041473,0.063019,-0.162997,-0.016726,0.024639,-0.028087,0.005186,-0.007103,-0.037749,-0.087808,-0.164801,0.199161,0.035203,0.046516,-0.165135,-0.058082,-0.031772,0.054736,-0.003964,0.139701,-0.109536,0.006092,0.145960,-0.073076,0.127333,-0.032560,0.207365,0.232072,0.034627,0.008829,0.037222,0.032178,-0.020183,0.052886,-0.000669,0.061387,0.035264,0.001032,0.068584,-0.013281,0.051241,-0.013767,-0.151186,-0.297429,0.078001,-0.261619,-0.130819,0.151517,-0.009166,-0.075003,-0.044699,-0.126676,0.059118,0.064616,-0.050816,-0.051363,-0.085006,-0.038843,0.039030,0.140879,0.128977,0.003942,-0.215269,-0.253946,-0.197616,0.163488,-0.013665,0.153692,-0.009602,-0.066915,0.010947,0.018663,-0.089130,0.167766,0.106275,0.058113,-0.019805,0.132131,0.064671,0.129200,0.199522,0.007591,0.121135,-0.118295,0.002302,-0.021907,0.101859,0.049276,-0.100396,0.015156,0.014567,0.079720,0.060279,-0.036766,-0.084153,-0.164215,0.101492,0.015869,-0.075169,-0.096001,-0.115509,-0.056750,0.029897,-0.025813,0.080239,-0.035885,0.095393,0.075779,-0.065934,-0.150945,0.016810,-0.053094,0.041978,-0.173561,-0.059370,-0.044953,-0.011508,-0.055268,0.060804,-0.088311,0.120852,-0.067230,-0.092542,0.166512,0.092597,-0.008659,0.052596,-0.004970,0.113615,-0.031058,-0.008398,0.131881,-0.134573,0.047904,0.139345
0.171948,0.142373,-0.178687,0.066718,-0.044231,0.062318,-0.046295,-0.198018,0.033186,-0.171821,-0.052339,0.058321,-0.273426,0.204833,-0.050770,-0.111995,-0.151597,0.130810,-0.005196,-0.016659,0.157773,0.112105,-0.121725,-0.024913,-0.153814,0.017268,-0.014535,0.268307,-0.079446,0.056684,-0.172840,0.207064,0.289080,-0.019838,-0.339133,0.114593,0.089576,-0.112826,-0.156764,0.031877,-0.018170,0.370298,0.007197,0.037740,-0.212968,0.124151,0.081108,0.178599,-0.070917,0.082590,-0.151979,0.064446,-0.016397,0.120193,0.053194,-0.125435,0.133093,0.191810,0.034123,0.226650,0.045751,0.176083,-0.023961,0.034525,0.016740,-0.086218,-0.059117,-0.058317,0.122173,0.170226,-0.199798,-0.040082,0.063113,-0.075557,-0.133759,0.205234,-0.082853,-0.143007,0.035888,-0.044547,0.027882,0.098552,-0.344601,-0.001634,0.100976,0.110564,-0.027119,0.083098,-0.133284,0.286701,0.027841,0.141476,-0.205917,0.123752,-0.158016,0.000825,0.051639,0.214255,0.069635,0.133657,-0.043396,-0.062434,-0.219573,-0.000491,-0.103111,0.082711,-0.124277,0.049916,-0.301325,0.145324,0.000127,-0.141849,-0.159122,0.052251,0.085503,-0.181479,0.078149,0.264592,-0.195990,-0.000098,-0.130279,0.065491,0.231493,0.185847,0.154870,-0.029795,-0.040794,0.062356,0.085166,0.045839,-0.171002,-0.016194,0.107671,-0.104456,-0.127577,-0.026162,-0.060888,0.368869,-0.110348,0.174684,-0.152454,0.123067,0.056934,-0.067693,-0.015206,-0.023757,-0.000618,-0.030492,0.017349,-0.156061,0.132905,-0.028796,-0.167772,0.008930,-0.002389,-0.242038,-0.088617,-0.179773,-0.073707,0.005403,-0.031102,-0.161490,-0.105956,-0.090483,-0.093983,-0.182289,0.052440,0.004085,0.121425,0.018072,-0.007644,0.070059,-0.248343,-0.072930,-0.211344,0.097013,-0.162158,0.006684,-0.044573,-0.082594,0.032399,0.056016,-0.104559,-0.028690,0.002138,-0.049147,0.000744,-0.083239,0.010258,-0.078339,0.119858,-0.024263
