0.032907,0.041130,-0.136720,-0.003540,0.085291,-0.076029,0.048452,0.060934,-0.143406,0.172288,-0.105383,0.340721,0.089748,0.312929,-0.041972,-0.281634,-0.048424,-0.271283,-0.196337,-0.244337,-0.025990,0.016931,-0.018481,0.211406,0.059708,-0.074414,0.101481,0.037441,0.149758,0.229954,-0.055369,0.094540,0.213562,0.172000,-0.035950,0.001317,-0.017788,0.292178,-0.369516,-0.195135,-0.198735,0.092484,0.069441,0.104627,-0.096131,0.011248,0.232879,0.177372,0.120254,0.075166,-0.010209,0.129114,-0.014843,-0.044649,0.027970,0.151782,0.128721,0.161357,-0.008637,0.076524,0.095554,0.036653,-0.196864,-0.196320,0.034509,0.052911,-0.007558,-0.127453,0.050679,0.111592,0.036845,0.014354,-0.055747,0.108195,-0.062693,-0.072064,0.167226,0.121449,0.042967,0.074583,0.034131,-0.012544,-0.030761,-0.034859,-0.043837,0.104050,0.005329,-0.273269,0.029211,-0.037241,0.009772,-0.135987,-0.016903,-0.160028,0.115783,0.047405,0.001750,-0.023244,-0.198006,-0.092910,0.074519,0.024557,0.045786,0.109755,-0.027782,0.054074,-0.141452,0.310395,0.132496,0.240706,-0.249032,-0.263873,0.017683,-0.075884,-0.174527,-0.242127,-0.023651,-0.108625,0.206544,0.165746,0.024687,0.083651,0.090320,0.158711,0.072869,0.274816,0.184014,0.005581,0.251295,0.029855,0.006028,0.013216,-0.083442,0.275322,-0.381202,-0.193023,-0.210577,-0.131762,0.170158,0.207189,-0.055413,-0.050988,0.279106,0.085672,0.131091,0.003411,0.070621,0.084078,0.058640,0.033648,0.146488,-0.037901,0.009597,-0.167942,0.073102,-0.089369,0.128395,-0.001071,0.004357,-0.027254,-0.094495,0.064807,-0.018543,-0.025877,0.106107,0.067616,-0.037167,-0.052251,0.109816,0.113802,0.001070,-0.085592,0.077581,0.092233,-0.014430,0.068932,-0.144855,-0.041796,0.064813,0.036967,-0.045733,-0.046806,0.044329,-0.209829,0.051903,0.073324,-0.016773,-0.050868,-0.088367,-0.019035,0.012699,0.050074
0.052212,-0.062250,0.046883,0.038323,0.053593,0.022305,0.127959,0.052879,-0.114848,-0.031660,0.008188,-0.107790,0.130689,0.003754,0.138095,-0.105303,-0.049548,-0.017286,0.028501,0.042921,-0.041798,0.067991,0.066808,-0.055989,-0.045820,0.047773,-0.019664,0.065521,0.004779,-0.016296,0.076146,0.142903,0.033193,0.015097,0.046774,-0.056446,-0.062213,-0.016626,-0.047412,0.037977,-0.042866,-0.008643,0.028462,0.032550,0.022102,-0.024906,0.029227,0.015625,-0.140262,0.140826,-0.094379,-0.003732,-0.118356,-0.050891,-0.072287,-0.048078,-0.081374,0.104146,0.012398,0.024244,0.124031,-0.086735,-0.016041,0.097441,-0.108818,-0.046885,0.072702,-0.139995,0.034260,-0.050450,-0.033899,-0.013748,-0.076617,-0.058930,0.004176,-0.002630,-0.043603,0.045664,-0.002915,0.033522,-0.053882,0.107298,-0.031047,0.012274,-0.017899,-0.026031,-0.116721,0.006310,0.039378,0.098237,-0.122577,-0.010035,0.091080,0.004472,-0.098473,-0.060064,0.049757,0.067116,0.082370,0.086595,-0.100499,-0.003962,0.066284,-0.020729,0.090670,0.119772,0.014950,0.052576,0.102780,0.013201,0.082837,0.171355,-0.062125,0.065897,-0.109320,-0.023445,-0.111303,0.041368,0.112490,-0.008188,0.061836,-0.014861,0.008698,-0.092329,-0.152265,-0.049166,-0.010486,-0.026043,-0.144583,0.067024,0.025612,-0.031253,0.033169,0.057642,-0.015604,0.036800,-0.097360,0.039207,0.069953,-0.008157,-0.059859,-0.141946,0.058622,0.066299,-0.134886,-0.003179,-0.017322,0.077263,0.056232,0.007566,0.085702,0.027213,0.044056,0.036254,-0.129646,-0.022459,0.084115,-0.086911,-0.018667,0.067993,0.011555,-0.036626,-0.043120,-0.087791,0.072777,0.109569,-0.040425,-0.133347,0.001285,-0.017415,0.079681,-0.035366,0.061736,-0.118399,-0.086355,-0.005523,-0.085886,0.052386,-0.029134,0.038379,0.034206,0.056528,-0.016438,-0.099641,-0.066840,-0.138317,-0.051919,0.136648,-0.199061,-0.008922,-0.090175,-0.077105
0.368384,-0.017493,-0.079897,0.036268,-0.046552,0.301050,-0.032033,0.062877,0.200419,0.104161,0.086443,-0.093249,0.271902,-0.422839,-0.222028,0.142705,0.010461,-0.113284,-0.007732,-0.227444,-0.016502,-0.401766,0.008629,-0.229523,-0.178350,-0.117696,-0.027572,-0.311850,-0.014729,0.094512,-0.243311,0.215503,-0.107135,0.209308,0.102811,0.174994,-0.137689,-0.114522,-0.185028,0.088114,-0.089012,-0.139027,0.168371,0.172094,-0.049000,0.042608,0.044279,0.337167,0.316187,-0.048716,0.168654,-0.036707,0.017876,0.226398,-0.107077,0.018503,0.264949,0.072445,-0.041367,-0.216425,0.188673,-0.447485,-0.314209,-0.093343,0.045134,0.050697,0.005628,-0.165247,-0.084184,-0.271422,-0.173687,0.090654,-0.083583,-0.118881,-0.017488,0.176040,0.118794,0.187194,-0.068963,-0.128167,-0.032056,0.316234,0.225061,-0.055807,-0.190335,0.077926,0.125041,-0.171551,0.056906,-0.105312,0.161977,0.126900,0.171976,0.123151,0.088001,0.183429,0.246728,-0.037326,-0.173888,0.057795,-0.011666,0.251831,-0.196273,0.145613,0.372236,0.175986,-0.061333,-0.260495,0.131166,-0.467320,0.081426,-0.117224,-0.073188,-0.019964,0.008317,0.030222,0.118713,-0.219735,0.058128,-0.108652,-0.139710,-0.059822,0.042504,-0.264108,0.134296,0.110657,-0.001282,-0.153537,-0.077039,0.245186,0.144975,-0.058702,-0.211962,-0.076760,-0.201032,0.073120,0.180284,-0.198841,0.039407,-0.105082,0.030098,-0.130258,0.118174,0.131886,0.042704,-0.220347,0.091676,0.011710,-0.032083,0.120770,-0.000128,-0.108109,0.018300,-0.052322,0.274887,0.323929,-0.056719,-0.118820,-0.117654,0.081650,0.012764,0.100666,0.071357,-0.068369,-0.110559,0.140298,-0.041861,0.029387,-0.109631,0.016782,0.036215,-0.095492,-0.100004,0.127104,0.189989,0.151405,0.100648,0.109418,0.062038,0.027467,0.213776,-0.002256,0.072825,0.128656,-0.057454,0.051852,-0.088898,0.044946,-0.076558,0.052223,0.051806,-0.158091
0.170074,0.123122,0.048309,-0.036600,0.054847,-0.040182,-0.395289,-0.087725,0.031307,0.022954,-0.533196,0.241648,-0.154835,-0.099065,-0.088913,-0.313340,-0.351262,0.392456,-0.168698,-0.108789,0.413505,0.324767,0.136594,-0.172512,-0.237853,-0.154488,0.782016,-0.048745,0.133466,-0.012544,-0.244040,0.287092,0.249005,0.008404,-0.121015,0.186065,0.116621,-0.209617,-0.068581,-0.290227,0.165773,0.307295,-0.076352,0.319960,-0.233529,0.099188,-0.216307,0.056660,0.047298,0.078865,-0.319468,0.018391,0.058903,0.098004,-0.222241,-0.007550,-0.024321,0.094978,-0.215495,0.072874,-0.346733,-0.183133,-0.013393,0.079496,-0.030728,0.348573,-0.308421,-0.182998,0.230788,0.176710,0.019461,-0.171280,-0.322457,-0.124610,0.351223,-0.092291,0.100304,0.157519,-0.019112,0.178724,0.305080,0.021377,-0.195867,0.079256,0.189763,-0.053108,-0.066350,-0.144836,-0.039125,0.157539,-0.009771,0.039693,-0.275370,-0.110720,-0.167829,0.080239,0.004140,0.239583,-0.046591,-0.040046,0.177882,0.015048,-0.460560,-0.260459,0.056814,0.075632,-0.360562,0.128275,-0.215874,-0.096765,-0.110177,-0.180864,-0.291120,0.444815,-0.131771,0.054232,0.372666,0.438971,0.076930,-0.169574,-0.368134,-0.182743,0.743538,0.042894,0.147410,0.032583,-0.300274,0.280637,0.082074,0.052423,-0.074319,0.059188,0.082245,-0.195711,0.057259,-0.396479,0.034285,0.286584,-0.162447,0.385610,-0.313858,-0.080613,-0.244547,0.042286,0.139301,0.199693,-0.134606,-0.049455,-0.069043,0.068168,-0.241696,-0.123080,-0.324933,-0.198463,-0.142715,-0.235808,-0.203419,-0.332512,-0.365037,-0.034644,0.005369,0.093103,0.162729,0.016213,0.108494,-0.044729,0.094964,-0.127675,-0.072440,0.119591,-0.027405,0.087969,-0.001729,0.148568,0.015643,0.129273,-0.499600,0.204284,0.043790,-0.549677,-0.062944,0.379867,-0.004577,0.031353,-0.061982,0.154579,0.022543,-0.185986,0.068909,-0.112264,0.389214,0.299690
0.110505,0.063066,0.166086,0.073276,0.006359,-0.054275,0.289252,0.051093,0.314476,-0.179477,0.005828,0.115348,-0.184373,0.061285,0.001790,-0.058629,-0.097028,-0.053480,-0.111137,0.269759,-0.251257,0.104242,-0.112551,-0.072012,-0.074568,0.223039,0.128454,0.133250,-0.141977,-0.116424,0.036795,-0.216009,0.047387,0.063355,0.009940,-0.303370,-0.211001,0.005597,0.016880,0.058535,-0.012463,0.118002,-0.181370,-0.005462,0.162123,0.038137,0.235289,-0.051251,0.095118,-0.070644,0.139319,0.298414,0.015572,0.205351,0.210062,0.101521,0.164111,-0.041691,-0.183755,0.001489,-0.232460,-0.151486,-0.173333,-0.186203,-0.348073,0.187386,-0.093550,0.238006,-0.022706,0.018096,-0.121520,-0.054379,-0.039125,0.233494,0.219563,0.124191,-0.032673,-0.153570,-0.135920,-0.520364,-0.093078,0.036348,0.026393,-0.403114,-0.149443,-0.110772,-0.052111,0.020030,0.005125,0.005215,-0.047307,0.117812,0.017261,0.148362,-0.126131,-0.163887,0.157433,0.107213,0.031572,0.165632,-0.030496,0.020650,0.107974,0.186391,0.302982,-0.237796,0.032818,-0.088946,-0.027954,0.015915,-0.020041,0.003728,-0.203305,-0.079144,-0.057656,0.314749,-0.049341,0.069808,-0.053946,-0.233797,-0.123746,0.300973,-0.113149,0.083896,-0.153827,-0.090485,-0.032825,-0.175418,-0.149670,0.089280,-0.022933,-0.411455,-0.338556,-0.021433,0.118393,0.193792,-0.073054,0.267339,-0.112517,0.076246,0.078702,0.066408,0.127148,-0.332694,0.160806,0.230570,-0.257141,0.130539,-0.129070,-0.096505,-0.020181,0.068903,-0.041545,0.040154,0.168892,0.077260,0.322429,0.055572,0.026432,-0.003063,-0.003278,-0.091301,-0.072269,-0.009168,0.148514,0.020640,0.032672,-0.003635,-0.041796,0.038862,0.477580,0.043724,-0.089296,-0.003409,0.130853,0.062758,0.025965,0.028779,-0.107593,-0.089497,-0.048850,-0.089450,-0.152453,-0.063937,-0.055107,-0.017451,-0.050463,0.090983,0.039490,0.205273,-0.183629,0.000208
-0.172226,-0.099376,0.078058,-0.162283,-0.024332,0.161028,0.149173,0.044424,-0.092099,0.116252,0.010797,0.052709,0.120191,0.106811,0.498271,0.023189,0.267217,0.230138,0.053777,0.002232,0.088881,-0.003513,0.039423,0.116089,0.044255,0.076519,0.126988,0.265866,-0.029366,0.103182,0.115546,-0.078524,0.124824,0.124695,-0.071397,-0.035214,0.095030,0.145303,0.043788,-0.128536,0.234208,-0.051366,0.033341,0.092403,0.026469,0.253726,0.207442,0.083621,-0.033715,0.106326,0.092625,0.153040,-0.092436,0.077207,-0.002903,0.128418,-0.064231,0.080000,-0.021519,0.027889,0.046693,0.263037,0.447248,0.049659,0.100542,0.193050,0.141445,0.045760,0.050381,-0.037027,0.188412,0.123074,-0.027440,0.104901,0.146504,0.368474,0.117844,-0.029513,0.129872,-0.104514,-0.003185,0.194011,0.081507,-0.201041,0.101380,0.170763,0.079432,-0.184137,0.216270,0.061460,0.067201,0.211121,0.208931,0.163542,0.063042,0.011472,0.071752,0.036991,0.200592,-0.091127,0.045673,0.149700,0.208600,0.033554,0.007284,-0.025741,0.064089,0.187336,0.067897,0.044050,0.494096,-0.053370,0.125571,0.111075,0.038087,0.192953,-0.132197,0.124917,0.033841,0.109744,-0.060440,0.107291,-0.104661,0.224196,0.006952,-0.160620,-0.012458,-0.158056,0.029044,0.247015,-0.084709,0.037550,0.042814,0.228861,0.007825,-0.035909,0.153281,0.050148,-0.023087,0.038203,0.126665,0.153811,0.079514,0.067215,0.351206,0.183679,-0.260466,0.252076,-0.141352,-0.183620,0.062387,0.063491,0.166379,-0.023728,0.132943,-0.150705,0.125156,0.193102,0.378822,-0.053965,0.205402,0.220871,0.187158,-0.069054,0.171453,-0.114034,0.255685,0.305304,0.132415,-0.190238,-0.151914,-0.459546,0.152244,0.299959,0.216942,-0.098087,-0.005426,0.187583,-0.317034,-0.108624,0.031265,-0.101409,-0.140374,-0.159497,0.103108,-0.000469,-0.122645,-0.412038,0.120770,0.475843,-0.205118,-0.102229
0.048154,-0.120138,-0.182255,0.145273,0.059523,0.096392,-0.215601,-0.219097,-0.382474,0.128971,0.001311,-0.142700,-0.131409,0.078573,0.050674,0.100885,-0.325639,-0.114116,-0.026750,-0.180001,0.180523,0.122899,0.081462,0.053594,0.301595,0.008316,-0.103661,-0.064980,0.301506,-0.076606,0.089197,-0.063840,-0.209008,0.031129,0.058511,0.012053,0.150053,-0.142731,-0.032866,0.038101,0.142340,-0.199617,-0.055106,-0.046891,0.027712,-0.076692,-0.141617,0.102027,0.196487,-0.048923,-0.015762,0.081796,0.072107,-0.056669,0.059831,0.050667,-0.125440,-0.040537,0.145924,-0.108334,0.075513,0.032221,0.039693,0.143948,-0.073948,-0.418311,0.025903,-0.024514,-0.003884,0.107354,0.015598,-0.150038,0.162171,0.025734,-0.109860,-0.062269,0.056057,0.083452,0.158857,0.037017,-0.159016,-0.138583,0.229323,0.116690,0.043667,-0.320645,0.059335,0.028242,0.158974,-0.008646,-0.026441,-0.112736,0.287704,0.328839,0.123914,0.057773,0.145846,-0.059445,-0.175224,0.249088,0.161833,0.030531,-0.035396,-0.125130,-0.220985,0.188520,-0.042263,-0.103490,-0.059599,0.146890,0.148827,0.249246,-0.221293,-0.219932,-0.082407,-0.211530,0.062045,0.074564,0.070066,0.036911,0.165032,-0.028803,-0.036783,0.084378,0.347291,0.003192,-0.015939,-0.005759,0.049678,0.051056,0.069509,0.039369,0.037429,-0.135126,-0.086931,0.038850,0.128009,-0.150822,-0.214596,-0.018135,-0.021906,-0.073452,-0.135148,0.149576,-0.047400,0.034067,0.062089,0.050436,0.143277,-0.076314,0.010794,0.194905,-0.025291,0.017905,-0.217304,-0.061248,-0.148111,-0.089099,-0.008382,-0.107439,0.227020,0.072138,0.188106,-0.143424,0.035970,0.074193,0.336277,0.153730,-0.109268,-0.285755,-0.227595,0.015995,-0.119030,0.043633,0.073299,-0.044309,0.164971,0.044723,-0.194049,0.019116,0.110647,0.090014,0.011255,0.004485,0.103213,-0.158941,0.206387,0.053287,-0.043729,0.165557,0.184926,0.043909
0.053210,0.014568,0.097004,0.363669,-0.004472,0.262275,-0.000765,0.120825,0.129823,-0.036359,-0.003367,0.004414,-0.128785,0.054138,-0.043578,-0.063813,0.113046,-0.002310,0.079069,0.295157,-0.034479,-0.179813,0.230943,0.037046,-0.134533,-0.175965,0.173512,-0.032517,0.047428,-0.099313,-0.154737,-0.044190,0.246348,0.008269,0.025484,0.162804,0.183855,0.206357,0.051228,-0.058881,0.049731,0.509910,-0.141081,0.044653,0.222170,0.196441,-0.066335,-0.036136,-0.226460,-0.030229,0.195568,-0.020510,-0.185149,0.114527,0.124368,-0.035149,0.045377,0.102502,-0.228102,-0.187256,-0.229870,-0.105696,0.047287,0.152665,-0.224249,-0.256683,-0.077839,0.159842,-0.028030,-0.083029,0.132175,-0.030049,-0.140213,-0.186266,0.119827,-0.039454,0.085635,0.079411,-0.284104,-0.276187,0.122362,0.036044,-0.082909,0.042568,-0.070275,0.058533,-0.210702,-0.166796,-0.065335,0.160717,-0.104636,-0.019779,0.094801,-0.292230,-0.081719,0.216567,0.033035,0.063544,-0.062916,0.303586,-0.021815,0.217617,-0.070000,0.088674,-0.062849,0.030177,-0.069961,-0.038390,-0.178911,0.078696,0.029203,0.008132,-0.165053,-0.118124,0.048143,0.149195,0.065350,-0.038841,0.132018,0.041468,-0.014278,-0.074781,0.219503,0.001722,0.239986,-0.032870,-0.204258,-0.044016,0.107969,-0.008831,-0.042815,0.034307,0.175585,0.164741,0.080721,-0.158944,0.004024,0.532480,-0.147249,0.219654,0.072726,0.091979,-0.086382,0.046446,-0.115338,-0.177844,0.313175,-0.067873,-0.064352,-0.071686,0.117090,-0.055886,-0.087106,-0.037707,-0.482699,-0.095728,-0.148491,-0.183938,-0.047266,0.006481,-0.071486,-0.152961,0.237251,0.358971,-0.235667,0.116137,0.178666,0.321535,-0.016521,-0.004323,-0.122833,0.005810,-0.106380,0.007690,-0.111974,-0.010088,0.148462,-0.194716,0.189098,0.087428,0.065675,0.063168,0.096217,-0.244993,0.011842,-0.138987,0.264905,0.109146,-0.182062,-0.133387,0.031450,0.056106
0.083491,-0.103111,-0.087109,0.011375,-0.108103,-0.243955,0.062352,-0.016047,-0.015135,0.012557,0.130849,0.276905,-0.042528,-0.006189,-0.147172,0.012132,-0.072117,0.038867,-0.021069,0.086583,-0.224520,0.017294,-0.138745,-0.164912,0.235849,0.067597,-0.177179,-0.137760,0.044987,-0.015098,-0.002284,0.100140,-0.004197,-0.044995,0.165311,-0.123545,0.070410,0.169095,0.162186,0.114468,-0.044773,0.180689,0.113957,-0.016295,0.123426,0.210515,-0.074598,-0.257139,0.126122,-0.074098,0.023625,0.066064,-0.124161,-0.077061,0.068658,-0.227361,0.048718,-0.141685,0.045110,0.141834,-0.011615,-0.074706,0.091099,0.004114,-0.163766,0.059136,-0.020245,-0.131928,-0.445580,-0.107060,-0.126616,0.027849,0.003639,-0.194600,-0.212621,-0.150758,-0.107639,-0.043181,-0.175836,0.142775,-0.198738,-0.145910,0.065895,-0.481798,0.015990,0.082928,0.161746,0.033676,-0.118802,0.277293,0.093218,0.127861,0.062558,0.184852,0.016923,-0.284821,0.117622,-0.287978,0.032584,-0.038206,-0.241196,-0.110949,0.027393,-0.139274,-0.003067,-0.197383,0.062907,0.221733,0.226193,-0.091058,-0.015293,0.089061,-0.018076,0.039040,-0.219951,0.043947,-0.302261,0.023850,-0.193503,0.010141,0.094122,-0.100513,0.094841,-0.085658,-0.092165,-0.002479,0.014692,-0.063170,-0.123507,-0.115142,0.131857,-0.567632,0.067070,0.094736,0.070511,0.121024,-0.138609,0.104257,0.132706,0.017049,0.133746,0.165117,-0.022750,-0.243066,0.111187,0.217896,-0.109096,-0.079713,-0.066366,-0.392986,-0.075356,-0.503617,0.144404,0.427380,-0.313515,-0.002537,0.117556,-0.200402,0.157022,0.037479,0.039156,-0.340690,0.090118,-0.259178,0.204942,0.114192,0.233833,0.313191,-0.039418,0.345544,0.252879,-0.347272,-0.089532,0.070808,-0.024220,0.086617,-0.201673,-0.032022,0.167584,-0.208464,0.118720,-0.074042,0.082378,0.029965,0.302575,0.484451,-0.094887,-0.248375,0.164096,-0.047746,0.213348,0.024192
0.028148,0.004800,-0.065988,-0.347813,-0.046437,-0.233757,0.029657,-0.042467,0.276625,-0.249707,0.119539,0.186170,-0.041612,-0.045522,0.040099,-0.195240,-0.233001,0.218372,0.101585,0.126257,-0.087978,-0.132688,-0.050969,0.068474,-0.047388,0.261113,-0.055086,0.107261,0.028196,0.087604,0.095208,-0.063985,0.055000,-0.029508,-0.107819,-0.190730,-0.532450,0.095613,-0.125748,0.081089,-0.224684,-0.115748,0.091625,0.042873,0.026928,0.027039,0.038128,-0.154092,0.049892,0.014360,-0.165680,0.052544,-0.215034,-0.136698,-0.129491,-0.015887,0.082448,0.116274,-0.107274,0.050788,-0.067834,-0.218472,-0.011255,-0.191421,0.000688,0.302441,-0.130843,-0.093523,-0.076584,0.113849,-0.059161,0.168828,-0.045818,0.145366,0.091341,0.088197,0.202251,0.041018,0.017520,-0.209489,-0.112144,-0.015858,-0.273603,-0.184395,-0.361152,-0.143143,0.014792,-0.008926,-0.133319,-0.134747,-0.074840,-0.004744,-0.030363,-0.013649,-0.092014,0.033239,-0.003480,-0.001613,-0.027792,-0.172998,-0.060691,-0.287522,-0.075589,0.165074,0.230844,-0.245689,0.013997,-0.025782,0.032365,-0.070024,-0.047416,-0.253764,-0.128655,0.155737,-0.053236,0.026080,-0.176609,0.187146,0.116424,-0.164735,-0.006901,-0.074532,-0.084560,0.067274,-0.222876,-0.047625,-0.038820,0.099957,-0.072553,-0.209291,-0.166275,-0.237611,-0.504194,-0.033684,-0.204275,-0.006172,-0.278698,0.039477,0.022525,0.149863,0.181442,0.064808,0.031299,-0.130972,0.037714,0.196669,0.132762,-0.099618,0.071792,0.059767,-0.128232,0.197431,-0.091091,-0.076218,0.040527,0.033312,0.094833,-0.086939,0.015865,0.105900,0.068809,0.039591,0.072300,-0.184907,0.052820,0.255743,0.108902,-0.040897,-0.018412,-0.096318,0.061516,0.168231,0.125898,0.110246,0.120723,-0.177547,-0.024089,0.155789,-0.282730,-0.078558,0.321971,0.084119,-0.008303,-0.011993,0.275594,-0.296227,-0.086614,0.079474,-0.049192,0.290059,-0.104983,-0.064255
0.001304,-0.189586,-0.169256,0.181640,-0.269247,0.160760,-0.057012,0.168875,-0.033899,0.000191,0.273051,-0.085412,0.251366,-0.057854,0.140834,-0.025495,0.413216,0.175188,0.177005,-0.399522,-0.327948,-0.114757,0.135338,0.016927,0.120468,0.051645,-0.371677,0.197810,0.009665,0.003844,-0.112483,-0.040421,-0.021951,-0.211311,-0.101492,-0.178071,0.047695,0.049102,0.067561,0.140098,0.192264,0.020307,-0.142290,-0.271466,0.105370,-0.065639,0.234207,-0.035838,-0.090664,-0.178091,0.087555,0.053728,-0.238450,-0.046945,-0.071379,0.094039,0.062966,0.214459,0.056186,-0.060964,-0.010463,0.115504,0.056318,-0.038042,0.025112,0.036239,0.108237,-0.086231,-0.296785,-0.228991,0.113979,0.300829,-0.068422,0.111700,-0.332775,0.109226,-0.055755,-0.131160,-0.278476,-0.077954,0.108265,-0.126299,-0.018716,-0.165606,-0.296716,0.146760,-0.103242,-0.097137,0.070068,0.078841,-0.147260,-0.056365,0.043213,-0.164029,0.111167,-0.059041,-0.069272,-0.261850,-0.193516,0.285062,-0.285565,0.267875,0.054694,0.282164,0.065639,0.141630,0.224587,-0.005258,0.067327,0.211345,0.071895,0.106323,0.318472,-0.000469,0.181192,-0.218676,-0.167089,-0.149545,0.052078,0.097692,0.171567,0.005660,-0.246909,0.030460,0.058190,-0.008565,-0.077858,0.139810,0.007839,-0.073533,0.057585,-0.273523,-0.034488,0.068486,0.146013,0.060194,0.210968,0.003721,-0.124758,-0.265513,0.103622,-0.032177,0.284675,-0.097601,0.150719,0.144260,-0.198726,-0.162964,0.161581,0.138550,-0.072371,-0.000772,0.183387,0.171677,-0.074592,-0.036014,0.095091,-0.075915,-0.059304,0.312647,-0.106603,-0.231696,-0.174629,-0.111455,0.366717,0.270776,0.111512,-0.061461,0.090030,0.088740,0.130798,0.088730,0.132584,0.060040,0.090289,0.304879,-0.096230,0.053964,-0.109384,0.128018,0.237455,-0.172741,-0.014366,0.032492,0.061313,-0.146971,0.076031,0.046529,-0.060860,0.150425,-0.172212,-0.030829
0.169523,-0.072149,0.095301,0.157769,0.158469,-0.038248,0.159926,-0.082247,-0.040579,0.205966,-0.101685,0.032109,-0.000059,-0.295330,-0.074979,-0.139221,0.073722,0.185059,-0.047446,-0.011513,-0.023015,0.009767,0.100524,0.183661,-0.119854,-0.144209,-0.065787,-0.003229,-0.047961,0.055561,0.119543,0.053725,0.049071,0.216627,0.103946,-0.086558,0.043200,0.260015,-0.044872,-0.021822,0.040575,-0.175455,-0.076067,0.041823,-0.106985,-0.143237,-0.060444,-0.152214,0.200061,-0.081548,-0.114796,0.058077,0.173786,0.012301,0.111504,-0.027541,0.255062,0.248868,0.076604,0.066318,-0.232225,-0.314863,0.112602,-0.059168,0.045850,0.145538,-0.050985,-0.029070,0.242894,-0.130793,0.024790,0.090359,-0.070332,-0.076057,0.207311,0.108350,-0.031751,-0.153281,0.100697,0.248650,-0.106317,0.130715,0.078213,-0.033077,-0.259951,0.175460,-0.041036,0.109016,-0.121496,-0.195374,0.025329,-0.034937,0.102032,-0.187694,0.064086,-0.107667,0.092826,0.006397,-0.021906,0.216780,0.110060,-0.000813,0.173107,0.096476,0.138454,0.189240,-0.099677,0.192796,-0.099911,-0.186382,-0.033084,-0.004635,0.017824,0.255891,-0.088432,0.047462,-0.026187,0.120958,0.063608,-0.046669,-0.065062,-0.073322,0.120754,0.073762,-0.010911,-0.083055,0.197403,-0.003926,-0.277237,0.133398,0.098863,0.036959,-0.153625,0.087306,-0.018706,-0.019544,-0.201080,0.022274,-0.095762,0.111800,0.065074,-0.036970,0.242796,-0.178774,-0.064040,-0.178170,0.253602,-0.292975,-0.235936,0.019202,-0.112469,0.164827,-0.036107,0.007860,-0.067711,-0.112974,0.210771,-0.162645,0.280416,-0.020978,-0.089256,-0.060892,-0.064576,0.043239,0.150914,0.145468,0.155031,0.162520,0.453506,0.105505,-0.033214,-0.163360,-0.210671,-0.017290,0.006881,0.132199,0.293653,0.150073,-0.017707,-0.062410,-0.028972,-0.031207,0.237542,0.175250,0.034894,0.195740,0.121560,-0.397757,0.285449,-0.150987,0.156444,-0.164352
0.110762,0.015006,-0.107440,-0.278296,-0.051613,-0.030613,0.207923,0.160665,0.037839,-0.417641,0.052375,0.031168,0.007113,0.174329,0.276184,-0.185599,-0.216660,-0.022158,-0.372184,0.285948,-0.183212,-0.111735,-0.239561,0.039680,-0.038426,0.232419,-0.105106,-0.076423,-0.247337,0.018525,0.046061,0.064394,-0.077661,-0.155723,-0.006889,-0.214882,-0.214745,0.054098,-0.030963,0.167440,-0.321203,0.224143,0.100753,-0.020382,-0.174474,0.017868,-0.072867,0.149036,0.061324,0.088922,-0.180835,0.006175,-0.057463,0.077933,0.012369,-0.013205,-0.069969,-0.074878,0.077853,0.176220,0.032633,0.055040,0.129605,-0.168407,-0.114191,0.022960,-0.308719,0.268910,-0.128740,-0.060458,-0.032916,0.077134,-0.038353,0.350484,0.004829,0.005006,-0.155551,0.066095,-0.044586,-0.189272,-0.025637,-0.058196,-0.001177,-0.168780,0.314924,0.036744,-0.074921,0.171262,-0.147980,0.152996,0.084290,-0.041536,-0.212162,0.058425,-0.013107,0.123556,0.134907,0.126055,-0.112615,-0.086633,-0.105580,-0.190474,0.054867,0.112912,0.128407,-0.242164,0.062786,-0.013422,0.109536,0.022711,0.092481,-0.176849,-0.190722,0.091484,-0.291036,0.276338,-0.147259,-0.022667,-0.112886,-0.087470,0.024987,0.026953,-0.243223,-0.134166,-0.319466,0.048234,0.111369,-0.173323,0.106618,-0.131319,0.068841,-0.319122,-0.121585,-0.039743,-0.023331,0.201384,-0.270683,0.089050,-0.006447,0.024044,-0.118065,0.004180,0.029949,0.021424,0.014901,0.012854,-0.006170,0.137553,-0.020802,0.121635,0.202211,0.019373,0.011755,0.119139,0.170110,-0.081425,-0.123878,0.154150,0.078557,0.027884,-0.031645,0.183347,-0.011920,0.178010,0.015007,0.118455,-0.121732,0.020211,0.023911,-0.154862,0.273043,0.011328,0.004665,0.142088,0.090789,0.139113,-0.005625,0.101817,-0.174711,-0.067775,-0.039306,0.055736,0.087332,0.127910,-0.067196,-0.240852,0.120905,-0.084915,-0.092366,0.100911,0.011581,0.138395
0.042002,-0.088184,-0.070208,0.067217,-0.129462,0.155269,0.082150,0.128218,0.003256,-0.129644,0.289919,-0.070378,-0.018580,-0.016317,0.039181,0.057016,0.132658,-0.046379,0.214195,-0.084203,-0.040657,-0.313692,0.010226,0.169507,0.187418,0.155288,-0.461805,-0.074099,-0.152176,-0.113870,-0.228234,-0.010946,0.030641,0.002309,0.136354,-0.112280,0.221733,0.083534,0.056794,0.035214,-0.063692,0.214603,-0.116513,-0.240071,-0.085808,0.092532,0.234767,-0.111889,0.001527,-0.370631,0.099805,-0.074410,-0.278216,0.088113,0.001647,0.058621,0.068619,0.012407,0.006127,0.056106,0.024084,0.004127,0.060044,-0.062651,-0.172811,-0.259075,0.180598,0.029735,-0.160012,-0.258237,-0.031393,0.137304,0.040074,0.020548,-0.379257,0.064699,-0.268596,-0.149439,-0.124779,-0.130145,0.129791,0.007239,0.045604,-0.189172,-0.021471,0.123614,-0.268207,-0.045250,-0.103213,0.241880,-0.031945,-0.241641,-0.155264,0.039877,0.145292,0.110516,-0.085082,-0.152481,0.084472,0.290994,-0.117129,0.331165,0.291570,0.069832,0.040600,0.027247,0.157167,0.102247,0.029607,-0.021721,0.100368,0.099009,0.033861,-0.136542,0.034920,-0.155578,-0.047574,-0.209382,-0.120140,0.111424,0.122823,0.372294,-0.255597,-0.142828,-0.145741,-0.280562,-0.011022,-0.124917,0.095736,-0.009331,0.059150,-0.120624,0.214816,0.007904,0.110721,0.002259,-0.154212,0.269830,-0.095383,-0.365181,-0.050890,0.029224,0.349712,-0.049211,0.293680,0.177993,-0.124688,0.200276,-0.137030,0.151864,0.009430,-0.078005,-0.123722,0.266790,0.121484,-0.014400,0.032815,-0.032077,-0.069750,-0.034934,0.044073,0.311441,0.020495,-0.052834,0.081787,0.423707,-0.099766,-0.003702,-0.253874,-0.152080,0.188386,0.046439,-0.042721,0.024328,-0.022255,0.114929,0.138112,0.216016,-0.154414,0.118708,-0.000548,0.050041,-0.032437,-0.285930,-0.289662,-0.228031,0.015309,-0.223085,-0.050830,-0.009234,-0.105251,0.140326
0.065272,-0.102778,0.239260,0.099360,-0.046398,0.144534,0.058135,-0.176944,0.074220,-0.033455,0.096830,0.100312,0.303100,-0.128765,0.034985,-0.036631,0.174867,0.132665,-0.013485,-0.074653,0.024085,-0.105388,0.002281,0.042769,0.137145,0.024693,0.027672,0.042891,0.229566,-0.082463,0.121793,0.139925,-0.202142,0.213916,-0.158282,0.007489,-0.018258,0.178662,0.217449,-0.014740,0.086228,-0.033880,0.091119,0.216414,0.107885,0.053316,0.060224,-0.146153,-0.001735,-0.076682,0.344775,-0.109815,-0.144378,-0.087781,0.025824,0.017588,0.169733,0.077037,0.084366,0.039966,0.148661,-0.247495,-0.097979,-0.000123,0.220274,0.165288,-0.009619,-0.042820,0.047272,-0.122339,-0.123213,-0.083291,0.097479,-0.055764,0.151269,-0.085543,0.157888,0.023325,-0.030269,-0.010599,-0.296923,0.165746,-0.040431,-0.184505,-0.150042,0.174852,0.052877,-0.057893,-0.010800,0.002100,0.118350,0.277893,0.141801,-0.153431,0.077076,-0.049132,0.019483,-0.011085,0.304547,-0.281175,-0.230350,-0.011746,-0.039790,-0.073390,0.133240,0.161627,0.001243,0.099187,0.341873,-0.255064,-0.122478,-0.041794,0.249750,0.232955,0.014745,-0.019696,0.046776,-0.180670,-0.045348,-0.087295,0.095875,-0.053886,0.238789,-0.019109,0.146411,-0.143650,0.143914,0.106744,-0.243302,0.094196,0.096444,-0.081790,-0.095998,0.084559,0.031597,-0.051271,-0.021036,-0.099698,0.193727,0.317584,0.201000,0.078731,-0.123324,-0.173430,0.082038,-0.004624,0.181772,-0.198504,-0.357352,-0.170305,-0.199739,-0.048453,0.209605,0.249705,0.100214,-0.154652,0.243431,0.110145,0.199345,0.354670,0.090134,-0.020627,0.284756,0.081312,0.312493,0.083273,-0.042573,0.170832,0.398452,-0.146060,-0.036580,-0.217678,0.178367,-0.017936,0.203294,-0.216455,0.146480,0.020672,-0.168335,-0.013838,0.360024,0.067907,0.172275,0.128511,-0.291313,0.234753,0.128433,-0.019008,0.102911,-0.053730,-0.124200,-0.140323
-0.152065,-0.191671,-0.060011,0.232573,0.031563,0.177960,0.023355,-0.112305,-0.170027,0.150803,-0.175166,-0.101929,-0.002540,0.022668,0.152328,0.230466,0.187316,0.065445,-0.109802,0.084497,-0.020196,0.029306,-0.089715,-0.116136,0.114466,-0.208858,-0.017844,-0.102412,-0.025476,-0.143839,-0.113302,-0.100855,-0.217113,-0.066602,-0.010311,-0.039586,0.249509,-0.043735,-0.113156,0.075544,0.019839,-0.023873,0.052588,0.029389,-0.090369,-0.194726,-0.073733,-0.031204,0.017562,-0.131951,-0.088415,0.449462,0.250869,0.108148,0.100143,-0.070565,-0.106391,0.075433,-0.029064,-0.010287,0.177575,0.127829,0.276874,0.332005,0.302959,-0.063513,-0.001570,0.280421,0.012538,-0.101754,-0.134141,0.050083,0.160711,-0.312797,-0.013530,-0.237136,0.030605,0.062329,0.069496,0.055039,-0.108070,0.069255,0.332905,0.098208,0.179871,0.148082,0.100753,0.307976,0.119098,0.047843,0.133473,-0.064658,-0.125036,0.112332,-0.112096,-0.084389,-0.027177,-0.320175,-0.176997,0.180121,0.062053,0.184334,0.164510,-0.175960,0.092603,0.200685,-0.147333,-0.046807,-0.062328,-0.015866,0.039588,0.146400,0.149628,-0.076031,-0.194445,0.147261,0.101743,0.050319,-0.224162,0.060642,0.130927,-0.170677,0.142342,-0.077972,-0.033465,-0.025885,-0.082795,-0.308196,0.044290,-0.076967,-0.086216,0.002542,0.181012,0.125891,-0.027477,-0.021950,0.117572,-0.241141,-0.124394,-0.025610,-0.190017,-0.132990,-0.177498,0.070727,0.139045,-0.089036,0.190319,0.060673,-0.073454,0.011849,0.006635,-0.206550,0.094818,-0.060738,-0.255967,0.054756,0.089269,0.002561,-0.220083,0.096130,0.299090,0.107752,0.221500,0.129868,-0.030957,-0.025810,-0.069448,-0.006336,-0.025519,0.065709,-0.087861,-0.016506,0.211147,-0.011213,0.019393,-0.085007,0.025784,-0.139343,-0.173324,-0.092051,-0.020509,0.087397,0.155628,0.130067,-0.008091,-0.042535,-0.086298,-0.008129,0.016477,-0.030126,0.053288,-0.156779
0.208742,0.101496,-0.024171,0.180619,-0.015467,0.261061,0.010015,0.067745,-0.035846,0.032910,-0.126969,-0.084823,0.117465,-0.094753,-0.166946,-0.005127,0.243294,0.256457,-0.144846,-0.021596,0.114795,-0.063716,0.102914,-0.053606,-0.129351,-0.362466,0.180712,-0.105600,0.175676,-0.230808,-0.190455,0.168158,0.253557,0.034733,0.086851,0.251019,0.242143,0.061820,0.097813,-0.073672,-0.085635,0.207207,-0.198424,-0.080568,-0.044345,0.038810,-0.236233,-0.061748,0.170710,-0.000904,0.068034,-0.074514,-0.078019,0.105795,-0.034919,-0.039049,0.110473,0.157568,-0.329454,-0.332902,0.000941,0.006883,-0.104994,0.092232,0.060725,0.100845,-0.098401,0.147005,-0.070777,-0.095162,-0.013161,-0.016203,-0.293321,-0.300381,0.127295,-0.020795,-0.056108,-0.227078,-0.312409,-0.176406,0.084411,0.129377,-0.216703,0.027519,0.108260,0.072337,-0.279771,-0.088742,-0.197291,0.105422,-0.059445,-0.014868,-0.064806,-0.250353,0.038328,-0.018366,0.097410,0.192583,0.023738,0.239894,-0.241748,0.213012,-0.052929,0.035924,-0.057423,0.193945,-0.085297,-0.114838,-0.009854,-0.084999,-0.034080,-0.014944,0.349691,0.158720,-0.144632,0.122580,0.075913,0.141221,0.133762,0.011522,-0.188721,-0.211275,0.200624,0.032288,0.224687,0.015642,-0.151879,0.015692,0.147180,-0.063978,-0.110976,0.114768,0.291554,0.189326,0.125003,-0.113693,0.085420,0.333497,-0.184492,-0.133665,0.031097,0.196807,-0.149907,0.156706,0.044435,-0.076549,0.090175,0.128572,0.022041,0.194935,0.097339,0.082855,-0.026568,0.108593,-0.404576,0.083329,0.131397,0.055045,-0.323003,-0.004310,0.259257,-0.042401,0.054872,0.335888,-0.082926,0.191839,-0.221832,-0.181435,0.192945,0.358772,-0.109292,-0.131264,0.187364,-0.244255,0.014232,-0.276342,0.014753,-0.173836,-0.195125,-0.016983,0.005974,0.154030,0.157922,-0.019806,-0.012332,-0.030847,0.034963,0.013020,-0.191855,-0.051468,-0.028349,-0.046025
0.238618,-0.132954,-0.111375,0.149536,0.003545,0.151111,-0.135537,-0.030822,0.063255,-0.147805,-0.043424,0.055444,0.143578,0.026454,-0.154000,-0.090224,-0.122281,0.351540,-0.032252,-0.019391,0.001559,0.168415,0.073481,0.028800,0.295197,0.139188,-0.096994,0.219786,-0.340033,-0.143370,0.037432,0.054615,-0.036687,-0.053059,-0.037599,-0.017433,-0.103865,0.101896,0.001306,0.123683,0.148508,-0.157083,-0.029523,-0.112152,-0.060040,-0.158879,-0.084945,-0.110506,0.031872,-0.437132,0.163312,0.003219,-0.062966,-0.068977,0.064649,-0.079462,0.096785,-0.022014,-0.011581,-0.058171,0.107253,-0.077423,-0.394472,0.143543,-0.292536,0.125041,-0.060130,0.066361,-0.147145,0.099543,-0.040957,-0.097422,0.371658,-0.024961,0.010209,0.065989,0.027383,-0.143902,0.045433,0.040245,0.076781,-0.148261,-0.062651,0.037127,0.119398,0.074154,0.238120,0.080719,0.212912,0.052038,-0.036162,-0.073585,-0.084611,-0.253819,0.020170,0.009493,0.208054,-0.346011,-0.248255,0.094598,-0.014866,-0.014367,-0.042159,-0.116461,-0.050240,-0.069681,-0.066662,-0.120657,0.245601,-0.016987,0.010517,-0.122849,0.007636,0.210106,0.010361,0.032345,-0.197003,-0.096861,-0.004277,-0.009270,0.355629,-0.006065,-0.012106,0.290408,-0.269674,-0.123342,-0.046081,0.304763,0.044673,-0.211551,-0.021386,-0.068065,0.023853,0.009455,-0.026876,0.104775,0.137429,-0.143361,0.025003,-0.056024,0.017373,-0.072497,0.032661,-0.235371,-0.205986,0.232247,0.044380,-0.202196,0.054403,-0.025431,0.068218,0.082641,0.083606,0.031074,0.059351,0.007904,-0.080097,-0.151807,-0.065167,0.201065,0.086864,0.093772,0.011106,0.178957,0.033912,0.051456,-0.164562,-0.286111,-0.081599,-0.026561,0.016215,0.074405,0.160528,0.224438,0.144446,-0.073306,0.023045,0.002441,0.141815,0.163424,-0.098167,0.011812,-0.160680,0.072097,-0.000442,-0.046171,-0.107339,-0.141807,-0.079046,-0.061584,-0.073739,-0.108901
-0.091687,-0.013088,-0.005463,-0.126546,0.012497,0.058714,-0.258110,0.015017,-0.105072,0.021529,-0.058734,0.197927,0.040731,0.026388,-0.193178,-0.036699,-0.158625,-0.026873,-0.065760,-0.158667,0.156666,0.109795,0.158205,-0.146651,0.008554,-0.219532,0.211615,0.120972,-0.020572,-0.108572,-0.123261,-0.014007,0.138070,0.138241,-0.044472,0.042338,-0.101877,0.090831,-0.074489,-0.119262,0.110678,-0.036250,-0.098119,0.116196,-0.136825,0.041144,-0.003868,0.056798,-0.119724,-0.213943,-0.115187,-0.089426,-0.035707,-0.055574,-0.082614,0.079854,-0.217719,0.296773,-0.146448,0.107361,-0.054046,-0.032915,-0.163848,0.241517,-0.093599,-0.140132,-0.015243,0.019583,-0.073735,0.025788,0.036484,-0.092307,0.006632,-0.025168,0.037103,0.227844,-0.202628,-0.059100,-0.227691,-0.149084,0.102424,0.157275,0.015205,0.022690,-0.015343,-0.060460,-0.053091,0.104562,0.057170,-0.005148,-0.026855,-0.171306,0.005551,-0.020829,-0.020774,0.020390,0.012903,-0.032104,0.002428,-0.127228,0.058836,0.137850,-0.479423,0.050203,-0.131880,0.269504,-0.277582,0.049398,-0.216679,-0.087834,-0.283840,0.046941,-0.102883,0.141064,-0.003040,-0.059286,0.061726,0.224660,0.087107,0.000867,-0.155514,-0.208089,0.247958,0.191477,0.039994,-0.271032,-0.344647,-0.239006,-0.085373,-0.016664,0.110212,-0.072378,0.104763,-0.164355,-0.086174,-0.174811,0.264493,0.077158,-0.112622,-0.101795,-0.233413,0.109621,0.082411,0.080492,-0.108719,0.317282,0.224452,-0.255952,-0.324181,-0.031774,0.288116,0.555633,-0.069555,0.076652,-0.038792,0.142421,-0.000199,-0.265685,-0.064852,-0.196477,-0.045169,0.010265,0.111880,-0.028866,0.049242,0.188081,0.298253,-0.151036,0.250090,0.059627,-0.196381,0.097006,-0.213262,0.107791,0.168838,-0.113697,0.048364,-0.096784,-0.302796,-0.033057,-0.111705,0.219781,-0.135804,-0.434296,-0.135075,-0.073640,0.396018,0.173001,-0.364804,0.090588,0.068967,-0.020672
-0.005010,-0.069341,0.212419,0.012068,0.087467,-0.018073,-0.050990,-0.061243,0.093711,-0.079497,0.087064,0.045274,-0.068514,-0.013275,0.161323,-0.225678,-0.151709,-0.071300,0.220696,0.022648,0.048176,-0.095364,-0.097746,-0.314221,-0.360511,0.203619,0.032214,0.134320,0.121237,0.190016,0.296735,-0.122993,0.117931,-0.076596,0.048489,-0.015470,-0.315764,-0.082722,0.176231,-0.030931,0.082426,0.270678,0.200830,0.069933,0.157695,0.044540,0.006038,-0.279040,0.160782,0.001557,0.093852,-0.164492,-0.097634,0.066774,0.046580,0.107241,0.124228,0.048496,0.077717,-0.000343,-0.070441,0.193631,0.091744,-0.211789,-0.256516,0.039164,0.090268,0.034269,-0.048710,-0.206527,-0.022348,-0.134794,-0.124950,-0.020835,0.017827,0.029876,0.149148,0.035458,0.051918,-0.024523,0.015933,-0.009767,0.108438,-0.039955,-0.068805,0.060450,0.173097,-0.270511,0.011884,0.068733,0.191449,-0.075653,0.087122,0.042246,0.160531,-0.077105,0.006526,-0.022958,0.227019,0.000159,0.056066,0.007384,-0.087614,-0.038900,0.152623,-0.157036,0.007415,-0.059076,0.175116,0.077321,0.175193,-0.252946,-0.288944,-0.099909,0.041450,-0.070676,0.095222,0.029760,-0.166497,-0.230904,-0.126982,0.172158,-0.001472,-0.155665,0.143070,0.102269,0.174571,0.080565,0.048381,-0.084575,0.061063,0.041455,-0.183640,-0.006868,0.128024,0.197361,-0.167337,-0.002524,0.063693,-0.011848,0.201453,0.263572,0.109081,-0.036163,-0.261252,-0.102955,-0.003049,0.098758,0.095005,0.010649,0.025106,0.045726,0.175028,-0.009907,0.118213,0.248069,-0.076947,0.214318,-0.240227,-0.311237,-0.311151,0.032595,0.063015,-0.109815,-0.262495,0.151530,0.231606,0.060151,-0.119352,0.041778,-0.146786,-0.053517,-0.300812,-0.093401,-0.537540,-0.230959,0.330243,0.064790,0.185996,0.156604,0.048769,-0.071206,-0.440387,-0.117691,0.216681,-0.151951,-0.004660,-0.006359,0.464407,0.044476,0.084889,-0.036026
-0.009116,0.008258,-0.158157,-0.024148,-0.194091,-0.032340,0.005260,0.221599,-0.243734,-0.027599,0.113854,0.212231,0.040517,-0.041719,0.117353,-0.109931,-0.147952,-0.108331,-0.116976,0.211542,-0.153048,0.114031,0.137096,0.081908,0.170170,0.024570,0.006117,0.041438,0.262030,0.029521,-0.029567,-0.228101,0.097892,0.083098,0.100187,0.078839,-0.042712,-0.083116,-0.109172,-0.113427,0.107393,0.018838,0.070168,-0.142102,0.020463,-0.005444,0.038360,-0.049652,0.059017,0.001887,-0.106626,-0.069978,-0.190435,-0.112382,0.295421,0.085335,-0.087127,0.106524,-0.180346,-0.026828,0.016051,-0.034781,0.107512,-0.062270,-0.118691,-0.010702,-0.007036,0.002139,-0.354716,0.095091,0.211880,-0.022038,0.126470,0.068990,0.013973,0.053791,0.284910,-0.092662,-0.104470,-0.012330,0.057402,0.051413,0.251747,-0.111115,0.118704,0.005809,-0.068558,-0.222821,0.012563,0.060402,0.169771,0.078202,0.005619,-0.124709,-0.089273,-0.074557,-0.146504,-0.023009,-0.096518,0.010272,-0.230991,-0.139926,0.194327,0.325096,-0.112467,-0.075321,-0.017611,0.249663,0.315860,0.154005,0.218549,-0.068200,0.041421,-0.089249,0.061463,-0.026958,-0.214257,-0.036332,0.159094,0.137937,-0.011065,-0.070820,0.020741,-0.012850,0.193800,0.092737,-0.049812,-0.074044,0.080564,0.155288,-0.086292,-0.282707,0.371613,0.105954,-0.020203,0.049230,0.186813,-0.151519,0.164560,-0.098423,-0.006632,-0.133552,-0.068204,-0.256164,-0.115777,-0.047075,0.016177,-0.045685,-0.237442,0.252167,0.007581,0.006786,-0.022123,-0.212682,-0.095096,0.306430,-0.026005,0.024473,-0.049114,0.144185,-0.069494,0.272371,0.003257,-0.261398,-0.019231,0.053582,-0.144882,0.142575,0.057096,-0.032465,0.010657,-0.006163,-0.089907,0.042089,-0.102704,0.242631,0.084698,-0.181307,-0.019233,-0.071048,0.010384,-0.143225,0.106834,0.077576,-0.098989,0.059524,-0.101654,0.045656,-0.086847,0.198156,0.079789,-0.026591
-0.105104,0.045281,0.048540,0.060640,0.006004,-0.004477,0.219656,0.161124,0.014821,0.096468,0.264946,-0.002614,0.156303,0.077053,0.093637,0.065857,0.178259,-0.103969,0.209284,-0.095282,-0.194074,-0.167979,-0.017624,0.177518,0.201555,0.118487,-0.190626,0.031543,-0.190405,-0.034479,0.105551,0.058697,-0.007161,0.034992,-0.020423,-0.365571,0.102748,0.175481,-0.102286,-0.024684,-0.045247,-0.187645,0.022920,-0.208915,0.050421,0.045868,0.211783,0.059377,0.094947,0.029824,0.045176,0.200210,0.107242,-0.063490,0.071073,0.302550,0.154446,-0.091677,0.036531,-0.044695,0.220399,0.130013,-0.182100,-0.068203,-0.025219,-0.036666,0.282840,-0.007768,-0.119238,0.084189,0.029207,0.280700,0.102637,0.004807,-0.024686,-0.035884,-0.120379,0.028731,0.183165,0.171696,-0.039864,-0.128345,0.155977,-0.185975,0.130492,0.020071,0.085848,-0.197794,-0.103661,0.025950,-0.088911,-0.165115,-0.112910,0.048075,-0.008528,0.146637,0.036654,0.065539,-0.101761,0.150799,-0.036911,-0.095056,0.411179,0.157661,0.189317,-0.105772,0.171205,-0.116299,0.212896,0.026769,-0.177266,0.210327,0.182964,-0.081418,0.227752,-0.260882,-0.224076,-0.194174,-0.053957,0.168845,0.079202,0.047640,-0.079900,-0.079077,-0.011375,-0.046108,0.052656,-0.077892,-0.025757,0.044321,0.071887,-0.201577,0.153145,0.145461,-0.019810,0.102822,-0.232080,-0.230370,0.050752,-0.269030,0.060499,0.022854,0.201209,-0.001011,-0.013889,0.297925,0.210766,0.136290,0.180773,0.145025,-0.161358,0.435586,0.016448,-0.127375,-0.135375,0.208754,-0.222825,-0.237442,0.057822,0.135137,-0.064623,-0.305124,0.190692,-0.317370,0.317646,0.455446,0.274259,-0.018217,-0.150296,-0.120491,-0.159063,0.131641,0.126819,-0.090513,0.105867,-0.114018,0.151179,-0.085764,-0.335110,0.165776,0.424889,0.193495,-0.250940,0.224190,0.319348,-0.175472,0.108688,-0.044987,0.055366,0.148644,-0.263462,-0.124529
-0.055280,0.090879,0.160175,0.023972,-0.045828,-0.182270,-0.076474,-0.232231,-0.166001,0.062456,-0.060721,-0.262436,0.189138,-0.205156,0.252276,-0.142614,-0.084562,-0.126670,-0.171186,-0.046821,0.071189,-0.016031,0.059715,0.104814,-0.168373,0.134647,0.150105,0.119047,0.122154,0.073543,-0.034420,-0.122861,-0.147691,0.115255,-0.197209,0.330740,-0.274855,-0.065176,0.081793,0.186936,0.094174,0.008177,0.304643,-0.152049,0.181173,-0.205195,-0.043288,-0.085704,-0.031145,0.011769,0.016679,-0.151101,-0.007920,0.115463,0.074382,0.007700,0.032259,-0.053271,-0.082409,-0.169514,0.064708,0.010724,0.004320,-0.043277,-0.000249,-0.001581,0.182732,-0.171599,-0.101754,-0.014050,0.074800,0.076698,-0.101365,-0.083402,-0.023171,-0.061248,0.076879,0.058621,-0.185270,-0.145274,0.008911,0.117755,-0.143266,0.156222,-0.350450,0.042949,0.096855,0.087651,-0.050716,-0.209548,-0.001828,-0.034293,0.043139,-0.092449,-0.124205,-0.084150,-0.102852,0.140659,0.231806,0.081856,0.028588,0.026026,0.024048,-0.121864,-0.153892,-0.110429,-0.185768,-0.261292,0.100416,-0.033013,0.242927,-0.084458,-0.080172,-0.106333,-0.032921,-0.013059,0.091266,0.056058,0.148696,0.059931,-0.305833,0.044049,0.090910,-0.027710,0.135478,0.102461,0.011164,-0.121021,-0.005779,0.042573,-0.366231,0.402614,-0.295749,0.026218,0.115271,0.115046,0.133893,0.026915,0.235693,-0.055073,0.167967,-0.095498,-0.119563,0.015233,0.036087,0.112446,-0.186335,0.026732,0.113709,0.105724,-0.016102,0.147214,0.136771,-0.108248,-0.042591,-0.231788,-0.055780,-0.024719,0.142718,0.026989,-0.036346,-0.083498,-0.059464,-0.229829,-0.252909,0.099282,0.346670,0.049389,0.064112,0.247358,0.097292,0.063044,-0.401278,0.036679,0.026862,0.292732,0.124047,0.175176,-0.183286,-0.131840,-0.273494,-0.051772,-0.001721,0.147856,-0.118118,0.325410,0.000464,-0.345604,0.214615,0.112994,-0.124745,0.160695
-0.158490,-0.270904,0.056894,-0.188297,-0.036257,-0.029673,-0.113006,0.132596,0.097646,-0.262041,0.085037,0.150133,0.163036,0.379803,0.096747,-0.025565,-0.050542,-0.137366,-0.012223,-0.119076,-0.193803,0.288190,0.090319,-0.246055,-0.027364,-0.068608,-0.010865,-0.026968,0.001655,0.002319,-0.024794,0.015134,-0.124680,-0.029424,0.118764,0.065911,-0.030433,0.093863,0.156644,-0.110506,-0.056190,-0.178129,0.147615,0.241451,0.027055,0.004981,0.001391,0.025130,0.008136,-0.130376,0.062754,-0.149523,-0.055669,-0.083963,-0.115514,-0.037319,-0.029759,-0.098300,-0.014279,0.201188,-0.100072,0.214144,0.111052,0.092199,-0.104256,-0.039840,0.185154,-0.161440,-0.087340,0.040085,-0.000233,-0.443666,-0.011038,-0.087453,-0.031997,-0.236167,0.260900,-0.150021,-0.096135,-0.155618,-0.031276,0.192043,-0.012278,-0.122016,0.139402,-0.093852,0.113726,-0.261122,-0.228047,-0.038882,0.244166,0.277448,-0.206248,-0.030713,-0.227479,0.036273,-0.169246,-0.276793,0.154510,-0.299957,0.017799,-0.147496,-0.181489,0.186727,-0.077171,-0.192209,0.159308,0.217175,0.080267,0.283650,0.156140,-0.296820,-0.009589,-0.084305,-0.127828,-0.093914,-0.219215,-0.036294,0.049260,-0.358794,-0.039187,0.007242,-0.096470,-0.267528,-0.051062,-0.043599,-0.076894,0.171442,0.104571,0.083585,0.314499,0.118946,-0.023325,0.113363,0.085092,-0.059663,-0.005462,-0.147162,0.230465,0.307777,-0.054832,-0.021632,-0.108748,0.180028,0.007943,0.123559,0.061712,0.072721,0.263690,0.016207,0.021309,-0.079088,0.020148,0.131016,0.019103,0.207901,-0.058488,-0.024557,0.043506,0.219300,-0.102105,-0.038267,-0.072965,-0.122513,-0.199847,-0.219049,0.108378,0.107691,0.013573,-0.065554,-0.084332,-0.210089,-0.070692,0.102313,0.110741,-0.068384,0.031202,-0.333662,0.085589,-0.025530,-0.242883,0.105252,-0.060687,0.102629,0.076616,-0.178320,-0.032788,-0.071817,0.035074,0.119901,0.111284,-0.153370
0.099306,-0.024966,-0.230787,-0.150748,-0.051262,-0.116856,0.007305,0.103098,-0.130820,0.062167,0.378815,0.083780,0.243525,-0.012333,0.202139,0.037244,0.112936,-0.094694,0.076444,0.127090,-0.290757,-0.296246,0.031026,0.155009,0.341277,0.130210,-0.090577,-0.181476,-0.112135,0.045315,0.123090,0.078021,-0.031297,-0.073897,0.025844,-0.546722,-0.079826,0.025848,-0.071055,-0.054804,0.010567,-0.236020,0.052876,-0.205408,-0.055029,-0.009328,0.315534,-0.086395,0.020631,0.140052,-0.165702,0.123486,-0.144952,-0.069337,0.023808,0.138069,-0.002784,0.104126,0.226508,0.069225,0.119738,0.093385,-0.032313,-0.047954,0.062462,-0.050189,0.104991,0.124928,0.058167,-0.056079,0.198650,0.206240,0.199337,0.048989,0.017680,-0.031534,-0.217300,0.151234,0.086110,-0.123924,0.003033,0.125753,-0.028804,-0.284189,0.028256,0.039105,-0.129949,-0.090354,0.039753,0.121115,0.012199,0.105265,-0.095021,-0.130788,0.162782,0.097900,0.016992,-0.068047,-0.227856,0.163719,-0.217600,-0.034601,0.120817,0.000042,-0.087507,0.123804,0.264348,-0.240769,0.347156,0.199950,0.172934,0.026479,0.128459,-0.302611,0.178595,0.187059,-0.127162,-0.232168,0.068285,0.170336,0.118120,0.050207,-0.058795,0.043242,-0.116527,0.131818,0.102520,0.032623,0.043866,0.084508,0.108170,-0.330432,-0.009496,0.023871,-0.045870,0.024192,-0.036728,-0.165481,0.168722,-0.152088,-0.023296,0.025271,0.282222,0.015740,0.231166,0.180387,-0.004991,0.247600,0.010459,0.169577,0.118707,-0.054740,-0.079642,0.131641,-0.000379,-0.107388,-0.084386,0.117499,-0.030948,0.038779,0.026946,0.190733,0.054055,0.173845,-0.171941,0.245233,-0.123573,-0.163905,-0.022236,-0.174116,0.147816,-0.022431,-0.176637,0.140402,0.089920,0.170787,0.121717,0.077960,-0.261180,0.145994,-0.480396,0.273886,0.394899,0.164916,-0.164958,0.127964,0.186985,-0.107919,0.425563,-0.188348,0.038262,0.052473
0.105905,0.294000,-0.020129,0.174281,-0.015519,-0.063244,-0.069369,-0.301074,-0.164740,-0.030409,-0.128996,0.184771,0.001838,-0.055665,0.124570,-0.205932,0.037354,-0.193192,0.064264,0.021970,0.101694,0.057647,-0.043815,-0.101276,-0.030180,-0.094402,0.111434,0.090073,0.126139,0.006930,0.016447,-0.087227,0.102034,-0.135250,-0.196278,0.378164,-0.209569,-0.036416,0.179499,0.174150,-0.089322,0.127795,0.056736,0.010135,0.061006,-0.017217,0.039375,-0.143832,0.046396,0.107411,-0.003434,0.033478,0.005928,-0.170111,0.152664,-0.158340,-0.106387,-0.056455,-0.217439,-0.163904,0.105417,0.016228,0.029570,-0.191259,0.061899,-0.191732,-0.032123,-0.180030,-0.048583,0.020634,0.008697,-0.086646,0.143761,0.106342,0.077777,-0.048556,0.116922,0.014229,0.063018,0.084356,0.213772,-0.117584,-0.191044,0.357468,-0.174377,0.009749,-0.125304,-0.055193,-0.145120,0.007752,-0.149199,0.023646,-0.052064,0.071423,0.003516,0.037463,-0.015329,0.235565,-0.000961,0.138787,-0.059839,-0.047187,0.102139,-0.220515,0.049392,-0.105678,-0.192851,0.210258,-0.042492,-0.003360,-0.046446,-0.127043,-0.078053,-0.240319,0.160755,0.063011,0.095372,0.158634,0.164820,-0.087558,0.027293,0.005229,0.206962,-0.067901,0.256703,0.014121,0.052709,0.020382,0.176730,0.018955,-0.178266,0.358274,-0.182955,0.056620,0.057982,0.257464,-0.018180,0.104156,-0.040870,0.044354,0.170669,0.061588,0.060032,-0.066027,0.237500,0.291081,-0.274928,0.113816,-0.302900,-0.074479,-0.080384,-0.175145,-0.069634,0.040921,0.114326,0.415014,-0.109233,-0.168885,0.027744,0.006935,0.055351,0.359993,0.106446,-0.277276,0.332456,-0.323664,-0.105755,0.005963,-0.145530,-0.241476,-0.145797,0.116699,0.048017,0.172271,0.043378,0.065953,-0.060308,0.138969,-0.391427,0.061895,0.277955,0.256830,-0.210455,-0.078386,0.078392,-0.477473,0.036087,0.008614,0.004822,0.034104,0.211018,0.271629
-0.057849,-0.176930,-0.089853,0.024892,-0.100159,0.145001,-0.166687,0.197330,-0.028199,-0.063855,-0.215222,-0.079783,-0.045459,-0.159626,0.034728,-0.123876,0.135313,0.127913,0.282916,0.039366,-0.005531,-0.207681,0.033902,0.089882,-0.108404,-0.085986,0.003784,0.283608,-0.072511,-0.047152,-0.122344,-0.010753,-0.069210,0.218109,-0.067589,0.157348,-0.083794,-0.066961,-0.203979,-0.076105,-0.056404,0.039310,-0.137178,0.005110,-0.119302,0.116847,0.046180,-0.221047,0.090255,0.033923,-0.100493,0.162641,-0.170639,0.109579,-0.186885,-0.030251,-0.017920,0.064358,-0.103692,0.055129,-0.177528,0.026038,-0.031671,0.011342,-0.013943,-0.038591,0.045447,0.156038,0.161748,-0.000240,0.078901,0.099943,-0.158106,0.030193,0.016946,0.189874,-0.270427,-0.157283,-0.033003,-0.059227,-0.058066,-0.023697,0.032981,0.212269,-0.062079,-0.240236,-0.189004,-0.062393,0.254056,0.155458,-0.048791,0.242039,0.066257,0.141190,0.026388,-0.303321,0.029248,-0.041259,-0.014400,-0.062424,-0.158027,-0.009489,0.018709,0.026707,0.142689,-0.022657,-0.058786,-0.144397,0.053588,-0.060773,0.101436,-0.084921,0.275244,-0.110885,0.316218,0.279390,0.199709,-0.168678,-0.285916,0.084343,-0.055865,-0.120712,-0.020819,0.343769,0.167140,-0.146352,-0.068158,-0.142278,0.039452,-0.172453,-0.188457,0.082164,-0.002954,-0.157510,-0.000082,0.007875,-0.090952,0.093298,-0.006707,-0.046480,0.106561,0.059002,0.033547,-0.105633,-0.055144,-0.044395,-0.079828,0.483480,-0.020887,-0.070138,-0.077873,0.055734,0.027485,-0.059914,-0.102165,0.025471,-0.297273,0.089932,-0.062214,-0.016672,0.148727,0.257256,-0.034876,-0.007451,0.070906,0.058962,-0.068710,-0.040757,-0.357184,-0.010391,-0.004905,0.032740,-0.095411,0.128334,-0.042667,-0.093677,0.051843,0.083530,0.200178,0.107009,-0.030469,-0.102757,-0.009456,-0.085183,0.075239,0.001021,0.060833,-0.060457,-0.196615,0.116583,-0.063735,-0.088652
-0.044514,-0.010020,-0.163358,-0.051464,-0.051390,0.090925,-0.258655,0.047962,0.045946,0.116454,-0.191515,0.150681,-0.064039,-0.062235,-0.069380,0.125044,-0.080526,0.154193,-0.024437,-0.012726,0.148637,0.204763,0.063085,-0.216070,0.039662,-0.234867,0.126416,0.131210,0.050142,-0.103587,-0.064780,0.067100,-0.015326,0.172710,-0.026246,0.188829,0.030068,0.010273,-0.052555,-0.448921,0.053177,-0.033544,-0.148918,0.017128,-0.203782,0.034617,-0.108063,0.045943,0.013857,-0.105653,-0.180233,-0.026530,0.064620,-0.040169,-0.234737,0.028855,-0.049943,0.322246,-0.306830,0.081767,0.075134,-0.000497,-0.083867,0.044326,0.028740,0.246771,-0.110107,0.089640,0.109466,0.314184,0.062852,-0.012408,0.092849,-0.133300,0.049359,0.164180,0.011065,0.122252,0.001657,0.029505,0.059490,0.162787,0.065738,-0.055703,0.055601,0.099990,-0.133745,-0.092933,-0.031470,0.183045,-0.134988,-0.095693,-0.127886,-0.082783,-0.211596,0.035580,0.017622,0.116495,-0.114615,-0.230800,-0.047187,-0.004147,-0.351710,0.004433,-0.150496,0.252041,-0.068218,0.225876,-0.123742,-0.071522,-0.064667,0.008389,0.026047,0.216372,-0.222748,0.051904,0.005008,0.129659,0.153241,-0.175358,0.107759,-0.417306,0.107817,0.166190,0.202159,-0.095181,-0.103941,-0.119174,0.088098,0.111463,0.152505,-0.101873,-0.036757,-0.080156,-0.032269,-0.391216,0.078045,0.073054,-0.262980,0.067979,-0.278639,0.063271,-0.106603,0.066970,0.093302,-0.243799,-0.144313,0.262456,-0.045155,0.330054,0.013394,0.004146,0.129773,0.146566,-0.194744,0.112087,0.108521,0.203937,-0.371041,-0.045232,-0.061173,-0.090772,-0.064752,0.072224,-0.159363,-0.077024,-0.001966,-0.069677,-0.039615,0.340984,-0.114572,0.075963,0.145356,-0.271054,0.000497,-0.117383,-0.010945,0.021647,-0.281017,-0.158894,-0.143569,-0.173662,-0.198830,-0.284084,0.367624,-0.036366,-0.226568,-0.135378,0.073916,0.128332,-0.016523,-0.157158
-0.047980,0.125336,0.186604,-0.224058,-0.004444,0.185827,-0.090227,-0.179508,0.023703,-0.210870,0.061342,-0.147224,-0.025248,-0.008484,0.021522,-0.165983,0.054551,-0.334387,0.249715,0.245455,0.072276,-0.135381,-0.105686,0.057531,-0.263953,0.203208,0.061887,0.217382,0.149718,-0.085089,0.045125,-0.032814,0.155964,0.069710,0.145897,0.101658,-0.104533,-0.034787,0.156415,0.010710,0.034862,-0.009897,0.120567,0.020280,0.261402,0.112732,0.114705,-0.187250,-0.048638,-0.010523,0.066955,-0.265384,-0.108409,0.223282,-0.259749,-0.100138,0.178060,-0.069807,0.116522,0.035530,-0.063124,0.027957,-0.178752,-0.202765,0.033498,-0.024396,0.132301,0.102927,0.015740,-0.119164,0.028631,-0.040217,-0.115214,-0.081612,0.021440,0.123422,0.079615,-0.073549,-0.090537,0.040853,-0.009597,-0.003793,0.112547,-0.000343,-0.007004,-0.128696,0.175949,-0.052573,-0.070731,-0.079632,0.108236,0.111644,0.134711,-0.066200,0.120229,-0.172140,-0.094519,-0.036470,0.283404,-0.210986,-0.008252,0.243486,-0.335412,-0.264477,0.063280,-0.264620,0.066707,0.051219,-0.099092,0.105414,-0.058424,0.000822,-0.195345,-0.427154,0.229348,0.116454,0.103552,0.107606,-0.214971,-0.073233,-0.309452,0.115513,0.072422,0.103605,0.213476,0.014570,-0.033470,0.118142,-0.030992,-0.023203,0.030338,0.110804,-0.020167,-0.027738,0.142802,0.020704,0.034087,0.022570,-0.001742,0.225433,0.247494,0.024447,0.165775,-0.170770,-0.206814,-0.010576,-0.051304,0.143212,0.031475,-0.136064,0.133919,0.226638,-0.027334,-0.110325,0.278441,0.109663,-0.083943,0.238135,-0.136347,-0.054825,0.412743,0.094597,-0.182708,0.273141,0.051283,0.032388,0.015004,0.062980,0.653903,-0.145665,-0.151979,-0.167767,0.119255,-0.190014,0.022024,-0.103533,-0.079405,-0.071156,-0.312455,-0.097778,-0.015436,-0.031217,0.181476,0.119608,-0.085590,-0.144424,0.115094,0.118007,-0.325059,0.333716,0.049469,0.004512
0.027734,0.017239,-0.285030,0.105614,-0.240951,0.140752,0.087352,-0.119748,0.058935,-0.090868,-0.127368,0.071272,-0.037673,0.084134,0.311257,0.085123,-0.090047,0.138051,-0.046781,-0.030715,-0.065345,0.104801,0.111138,0.096968,0.154686,0.067843,-0.221907,-0.101342,0.002267,-0.155450,-0.032714,-0.056280,-0.330830,-0.204410,-0.112539,0.103863,0.135299,-0.003511,-0.083322,0.333487,-0.191047,-0.085385,-0.063054,-0.072282,-0.083207,0.138599,-0.069411,0.254492,0.144886,-0.075312,-0.164562,0.143637,-0.217910,-0.081216,0.102391,-0.185936,0.062693,-0.206524,-0.171170,0.124449,-0.110619,0.238998,0.193901,0.253577,-0.192380,0.161645,-0.097142,-0.152763,-0.060323,0.040202,0.113103,0.070552,0.126963,0.027184,0.098651,-0.054360,-0.070079,-0.166281,0.011591,-0.225353,-0.223403,-0.092996,0.001079,0.080889,0.016197,-0.095571,-0.091261,0.176670,-0.319542,-0.013470,-0.238386,-0.200752,-0.091204,0.197140,0.059761,0.519223,0.081737,-0.065823,-0.304503,0.156774,-0.206873,0.084892,0.210796,-0.076516,0.017923,-0.206415,-0.170605,0.168826,0.075334,0.379418,0.178603,0.146970,-0.091757,0.419561,-0.201859,-0.061172,-0.140041,0.042250,-0.045806,0.057945,0.317328,0.021769,-0.222268,-0.101162,0.078946,0.058571,0.127901,-0.224066,-0.278855,-0.003707,-0.002678,-0.040683,0.035605,-0.057549,0.088875,0.158447,-0.253777,-0.160478,-0.107737,0.031239,-0.094677,0.057403,0.016320,0.208904,-0.019248,-0.207944,0.062048,-0.121736,0.233760,-0.117427,-0.770338,0.070323,0.050696,0.122861,-0.262932,-0.222797,0.174404,0.068558,0.122399,-0.356121,0.059753,0.313936,0.347860,0.134743,-0.270812,0.010689,0.007043,-0.170131,0.122125,-0.113860,-0.050702,-0.343034,-0.111700,0.559343,0.084055,0.260770,0.087638,0.299458,0.164909,-0.104634,0.095295,0.154559,-0.353204,-0.099783,0.034302,-0.044847,0.005621,0.877922,0.017150,0.316076,-0.139909,0.227757
-0.083812,-0.073269,0.110556,-0.219472,-0.265198,0.064603,-0.016015,0.015004,0.107628,-0.133957,0.022857,-0.053005,0.059752,-0.067527,0.212508,-0.130211,0.121089,0.108616,0.037983,-0.023973,-0.046774,0.058904,0.077042,-0.022677,0.076171,0.082225,-0.261695,-0.034775,0.107278,-0.031421,-0.090700,-0.042215,-0.098898,-0.077809,0.119176,-0.158652,-0.015791,0.138020,0.167151,-0.152241,-0.273283,0.083904,0.106142,0.153244,-0.036951,-0.075193,0.263239,-0.096138,-0.110455,-0.016995,0.004178,-0.232427,-0.247763,-0.160641,0.128323,0.019371,0.100766,-0.058612,-0.081138,-0.089420,-0.112588,-0.022389,0.313495,-0.008849,0.109634,0.074203,-0.160281,-0.075136,-0.165972,0.023383,0.039427,-0.096829,0.151926,-0.006431,-0.028096,-0.033002,-0.129014,-0.183327,-0.033438,-0.001615,-0.046163,-0.233361,0.077756,-0.305859,0.024859,0.145918,0.156077,0.052318,-0.362894,-0.071538,0.125913,0.200429,0.112072,-0.015171,0.165023,-0.026718,-0.225111,-0.017586,0.143795,-0.211753,-0.151800,0.023639,0.185763,0.029511,0.084095,-0.083184,-0.095476,-0.007253,0.312338,-0.158777,0.161382,-0.070579,0.165761,-0.030003,-0.191630,0.056002,-0.095147,0.130395,-0.072307,-0.130466,0.047443,-0.037550,0.027377,-0.032368,-0.055717,-0.169050,0.006843,-0.048763,0.015524,0.032467,0.061650,-0.188116,0.048028,0.300011,0.219066,-0.080865,-0.225938,0.051538,0.168890,0.147881,-0.113257,0.036594,0.118518,0.017683,0.246767,0.211350,0.122753,-0.042511,0.112868,-0.211629,-0.332333,0.054541,0.542436,0.336946,-0.129877,0.013653,0.492809,0.145861,0.106556,0.477872,0.370191,0.050653,0.591752,-0.162578,-0.098697,0.036886,0.496197,0.470090,0.057849,-0.083424,-0.018553,-0.665432,-0.081844,0.109993,0.089258,0.361014,0.296113,0.303769,0.139862,0.026925,0.100150,-0.041165,-0.036213,-0.067339,0.305158,0.476276,-0.212627,-0.927627,-0.385398,0.404114,-0.052089,-0.479114
-0.092158,0.140071,-0.039724,-0.046852,0.017699,0.104471,0.021801,-0.117718,-0.081479,-0.052376,0.100331,-0.137558,0.024150,0.082315,-0.053658,0.038950,-0.142699,-0.038254,-0.058348,0.022231,-0.045344,-0.047894,-0.075503,-0.093288,0.174338,0.121360,0.034830,0.017056,-0.025939,0.040777,-0.034723,-0.016023,-0.202405,-0.144229,0.046265,0.108642,-0.038860,-0.049363,-0.087261,0.129251,-0.030784,-0.209245,0.003912,-0.105705,-0.062923,-0.178686,-0.131167,-0.012731,-0.018353,-0.003225,-0.099830,-0.103409,-0.072911,-0.119533,0.104515,0.040575,-0.154807,-0.068821,0.121011,-0.094597,0.009589,0.151760,0.102849,0.007033,0.010464,0.030664,0.003677,-0.163673,-0.051160,-0.080263,0.070891,-0.059372,0.038764,-0.121468,-0.121242,-0.111684,-0.095130,-0.111345,0.007599,0.025496,-0.204596,-0.001897,0.040915,0.118116,-0.072841,-0.108188,-0.070061,0.041767,-0.146996,-0.076665,-0.000906,0.042111,-0.045887,0.012755,-0.129380,0.000126,-0.103174,0.096941,-0.193048,-0.042122,0.012873,0.001435,0.234347,0.055076,-0.190569,0.122450,-0.031425,-0.141879,0.146313,0.057666,0.058736,0.018362,0.162302,0.041874,-0.186989,0.102344,-0.043686,-0.026044,-0.085135,-0.130202,0.251227,0.117350,-0.076360,-0.043265,-0.137896,-0.060653,0.060521,-0.131881,-0.297902,-0.023028,0.001935,-0.072220,-0.041805,-0.048307,-0.295077,0.225567,-0.227061,-0.056965,-0.005091,-0.146490,-0.055458,-0.121799,-0.240810,-0.111578,-0.043072,0.109630,0.000064,-0.015532,0.046842,0.021889,0.160040,-0.115230,0.005811,0.053796,0.111665,-0.056379,-0.007188,0.049900,0.097326,0.025253,0.087276,-0.176706,0.155774,0.069913,0.009400,-0.042469,-0.211598,-0.146965,-0.042111,0.122181,0.144305,0.056900,0.297361,0.169677,-0.127092,0.034159,0.234698,0.075380,-0.076241,-0.094355,0.062553,-0.118087,-0.107857,0.008832,-0.222099,0.021321,0.183138,0.076945,0.042985,-0.084294,-0.030244,0.099788
0.017155,-0.010861,-0.260533,0.205994,-0.062276,0.044575,-0.117613,-0.181103,-0.006551,-0.044553,0.131817,-0.294670,0.064213,0.045469,-0.197995,0.086455,0.099393,-0.044437,-0.121692,-0.082896,0.074261,-0.030192,0.004907,0.052966,-0.015877,-0.013306,-0.086724,0.122653,-0.027054,0.024256,-0.029421,0.068403,0.049321,0.102118,0.254737,-0.013102,-0.153744,0.005329,-0.097185,0.084373,0.000433,0.010654,0.162190,0.124625,-0.035992,-0.231650,0.051836,0.067896,-0.065677,-0.008679,-0.325479,0.010747,-0.306617,0.081343,-0.191140,0.056988,0.186971,0.023993,-0.226736,-0.150361,0.056710,0.328151,-0.087529,0.395916,-0.204889,-0.118131,-0.265259,-0.032338,-0.114884,0.268472,0.294196,0.002479,0.017238,-0.020340,0.136578,0.430592,-0.132001,-0.007075,0.153974,0.029733,0.196173,0.231001,0.111728,-0.047988,-0.154935,-0.176021,0.139933,-0.113823,0.004326,-0.051785,0.143763,0.215542,0.084590,-0.103166,0.002607,-0.040774,0.206346,-0.233037,-0.078564,0.124716,-0.135070,0.087731,-0.299560,-0.304004,-0.077297,-0.229231,0.025116,0.029645,0.066593,0.213659,0.032856,0.134070,-0.179420,-0.180485,-0.198409,-0.170266,-0.187003,0.047864,0.191509,-0.064311,-0.066337,-0.163609,-0.029684,0.243148,-0.092778,0.409973,0.060028,-0.138695,0.005555,0.130924,0.234117,-0.018433,-0.002664,0.203355,0.170984,-0.246486,-0.136538,-0.036955,0.014869,-0.013087,0.018498,-0.189776,0.151120,0.121053,0.057400,0.003729,-0.054243,0.042119,-0.063170,0.097159,-0.166017,-0.079979,0.009333,0.134975,-0.034013,-0.025660,0.072293,0.066028,0.125867,0.030138,-0.092730,-0.015477,0.171678,0.146887,0.183825,-0.165945,0.164690,0.086649,0.065548,-0.100326,-0.032970,-0.283527,-0.144391,0.121739,-0.286317,-0.026498,0.221770,-0.005709,-0.008877,0.019921,-0.067252,0.141924,-0.139822,-0.116495,0.163230,0.027491,-0.106152,-0.116577,-0.114520,0.009146,0.194849,-0.398869
0.030890,0.050600,0.215040,-0.082526,0.134108,-0.156569,0.199868,0.092588,-0.282659,-0.197734,-0.026937,0.150517,-0.238321,0.010854,-0.111473,0.094156,0.069641,-0.084458,-0.107841,-0.026961,0.242092,0.145264,-0.349398,-0.049469,0.068796,0.089146,0.020226,-0.051444,-0.000524,-0.037930,0.014381,0.142197,0.143068,-0.013457,0.184127,-0.139844,0.268498,-0.097365,-0.118146,-0.063323,-0.165380,0.032552,-0.016832,0.032718,0.206660,-0.005062,-0.055300,-0.079632,-0.134227,0.273139,0.034042,-0.113282,0.193008,0.027082,0.192054,-0.057539,-0.289554,-0.292576,-0.098959,0.108753,0.003976,0.135086,-0.114185,0.188017,0.247818,-0.100854,-0.099848,-0.061860,0.074976,0.009946,-0.004058,-0.151062,0.000578,0.196256,0.007813,-0.357385,-0.176668,-0.148668,0.094941,0.008068,-0.013196,-0.276521,-0.286174,-0.092640,0.112901,-0.036179,-0.423926,0.031213,-0.033427,0.207557,0.003131,-0.225009,0.146253,-0.156337,0.121313,-0.152183,-0.165408,0.224185,0.117757,-0.362171,0.164077,0.068293,-0.010807,0.074386,-0.145964,-0.215779,0.089116,0.220343,-0.237830,0.043579,-0.144608,0.258930,0.012809,-0.082314,-0.012319,0.038009,0.170960,0.178723,-0.029543,-0.061420,0.138857,0.011932,0.207152,0.088450,-0.133027,-0.253844,0.031332,0.075367,0.197360,-0.054037,0.023264,0.061028,0.060533,0.043893,-0.024067,-0.305839,-0.160205,0.077582,0.005939,-0.116902,-0.013480,0.241103,-0.042610,-0.170634,-0.087766,0.080894,0.042761,0.013295,0.034809,0.013252,-0.000511,0.057087,0.089050,0.098064,0.017379,0.025800,0.052278,0.002747,-0.211054,0.051765,-0.197028,0.003910,-0.058339,0.081472,-0.041884,0.150741,-0.022629,-0.019143,-0.057870,0.125112,0.005765,-0.014626,-0.293795,-0.033508,-0.240076,-0.127052,0.226231,-0.095926,-0.119222,0.206802,0.013744,0.063737,-0.094180,0.157738,0.032519,0.145597,0.125826,-0.184664,0.093222,-0.103156,0.017331,0.074234
0.060515,-0.010803,-0.087927,0.151382,-0.093188,-0.155985,-0.022780,-0.154015,0.117107,-0.381920,0.232887,-0.088227,0.022789,0.105175,0.161662,0.126934,-0.093973,-0.146514,-0.170049,-0.060180,0.253627,-0.199024,-0.049449,0.022633,0.072042,-0.013273,0.011339,0.099355,-0.010552,-0.013316,-0.008061,0.070583,-0.111473,-0.091748,-0.091751,0.022561,-0.074371,-0.193885,0.022622,0.254500,-0.007109,0.064461,0.207841,-0.157010,-0.070836,-0.114317,-0.062898,-0.075842,0.226664,0.073946,-0.051990,0.301212,-0.252580,-0.095976,-0.223629,0.076526,0.242841,-0.369734,-0.089273,-0.231679,-0.178328,0.072307,0.066665,-0.075704,-0.198542,-0.046972,0.057462,-0.061315,0.114405,-0.295253,-0.078286,-0.017435,-0.092471,0.157927,-0.002372,0.243953,-0.176313,0.213500,0.082224,-0.325778,0.130747,0.072719,-0.062960,-0.101305,0.151271,0.086890,0.004535,0.057017,0.126462,0.279903,0.159001,0.179452,0.104444,-0.056586,0.046854,0.103623,0.165847,-0.137643,-0.068530,0.307659,0.054563,-0.277352,-0.190477,-0.109628,0.013181,0.190987,0.084888,0.000270,-0.101906,0.211604,0.141465,0.023272,-0.121915,0.026884,-0.189053,-0.128899,0.161638,-0.134877,0.154345,0.015271,0.089245,0.067075,-0.004572,0.181336,-0.049330,0.275390,0.190918,-0.112256,0.103130,0.117720,-0.245313,0.145913,0.088342,0.003629,-0.056485,0.167556,0.037075,0.010329,0.154446,-0.089905,-0.188960,-0.016598,0.034406,-0.059795,0.061023,-0.047107,-0.199483,0.210411,0.180857,-0.173957,-0.040544,0.062377,-0.040809,0.055108,-0.122771,0.138591,-0.111899,-0.144998,0.057145,-0.063868,0.025837,-0.068813,-0.070480,0.149716,0.030395,0.039288,0.169155,0.037477,-0.023438,0.069371,0.021315,-0.050056,0.043297,-0.040433,0.033589,-0.110983,-0.030622,-0.067149,0.018739,-0.119827,-0.051981,-0.006844,-0.001275,-0.159086,0.046007,-0.041584,-0.204052,-0.017977,0.096855,0.049368,-0.107562,0.064101
